-- MariaDB dump 10.19  Distrib 10.4.22-MariaDB, for Win64 (AMD64)
--
-- Host: 127.0.0.1    Database: db_den
-- ------------------------------------------------------
-- Server version	10.4.22-MariaDB

/*!40101 SET @OLD_CHARACTER_SET_CLIENT=@@CHARACTER_SET_CLIENT */;
/*!40101 SET @OLD_CHARACTER_SET_RESULTS=@@CHARACTER_SET_RESULTS */;
/*!40101 SET @OLD_COLLATION_CONNECTION=@@COLLATION_CONNECTION */;
/*!40101 SET NAMES utf8 */;
/*!40103 SET @OLD_TIME_ZONE=@@TIME_ZONE */;
/*!40103 SET TIME_ZONE='+00:00' */;
/*!40014 SET @OLD_UNIQUE_CHECKS=@@UNIQUE_CHECKS, UNIQUE_CHECKS=0 */;
/*!40014 SET @OLD_FOREIGN_KEY_CHECKS=@@FOREIGN_KEY_CHECKS, FOREIGN_KEY_CHECKS=0 */;
/*!40101 SET @OLD_SQL_MODE=@@SQL_MODE, SQL_MODE='NO_AUTO_VALUE_ON_ZERO' */;
/*!40111 SET @OLD_SQL_NOTES=@@SQL_NOTES, SQL_NOTES=0 */;

--
-- Table structure for table `tbl_access`
--

DROP TABLE IF EXISTS `tbl_access`;
/*!40101 SET @saved_cs_client     = @@character_set_client */;
/*!40101 SET character_set_client = utf8 */;
CREATE TABLE `tbl_access` (
  `id` int(11) NOT NULL AUTO_INCREMENT,
  `name` varchar(45) NOT NULL,
  PRIMARY KEY (`id`)
) ENGINE=InnoDB AUTO_INCREMENT=7 DEFAULT CHARSET=utf8mb4;
/*!40101 SET character_set_client = @saved_cs_client */;

--
-- Dumping data for table `tbl_access`
--

LOCK TABLES `tbl_access` WRITE;
/*!40000 ALTER TABLE `tbl_access` DISABLE KEYS */;
INSERT INTO `tbl_access` VALUES (1,'Admin'),(2,'Dental Admin'),(3,'Dentist'),(4,'Dental Clerk'),(5,'Patient'),(6,'Super Admin');
/*!40000 ALTER TABLE `tbl_access` ENABLE KEYS */;
UNLOCK TABLES;

--
-- Table structure for table `tbl_appointment`
--

DROP TABLE IF EXISTS `tbl_appointment`;
/*!40101 SET @saved_cs_client     = @@character_set_client */;
/*!40101 SET character_set_client = utf8 */;
CREATE TABLE `tbl_appointment` (
  `id` int(11) NOT NULL AUTO_INCREMENT,
  `patient_id` int(11) DEFAULT NULL,
  `clinic_id` int(11) DEFAULT NULL,
  `appointment_date` date DEFAULT NULL,
  `remarks` text DEFAULT NULL,
  `date_created` date DEFAULT NULL,
  `status_id` int(11) DEFAULT 1,
  `paid_id` int(11) DEFAULT 1,
  `dentist_id` int(11) DEFAULT NULL,
  `image` varchar(255) DEFAULT NULL,
  `mode_of_payment` int(11) DEFAULT NULL,
  `acceptable` int(11) DEFAULT NULL,
  `dental_admin_id` int(11) DEFAULT NULL,
  `paid_amount` float DEFAULT NULL,
  `change_amount` float DEFAULT NULL,
  PRIMARY KEY (`id`)
) ENGINE=InnoDB AUTO_INCREMENT=33 DEFAULT CHARSET=utf8mb4;
/*!40101 SET character_set_client = @saved_cs_client */;

--
-- Dumping data for table `tbl_appointment`
--

LOCK TABLES `tbl_appointment` WRITE;
/*!40000 ALTER TABLE `tbl_appointment` DISABLE KEYS */;
INSERT INTO `tbl_appointment` VALUES (23,14,7,'2023-02-28','','2023-02-12',4,1,11,NULL,1,NULL,NULL,NULL,NULL),(25,14,6,'2023-02-03','','2023-02-12',2,1,10,'file_20230212122940.jpg',1,NULL,NULL,NULL,NULL),(26,15,6,'2023-08-03','Pabunot','2023-02-12',3,1,13,NULL,2,NULL,NULL,NULL,NULL),(27,14,9,'2023-02-25','appointment','2023-02-13',1,1,16,NULL,1,NULL,NULL,NULL,NULL),(28,14,9,'2023-02-25','','2023-02-13',1,1,17,NULL,1,NULL,NULL,NULL,NULL),(29,21,7,'2023-02-28','','2023-02-13',1,1,11,NULL,1,NULL,NULL,NULL,NULL),(31,21,10,'2023-02-28','','2023-02-13',2,2,19,'file_20230213035815.jpg',1,NULL,NULL,NULL,NULL),(32,20,10,'2023-02-28','','2023-02-13',1,1,19,NULL,1,NULL,NULL,NULL,NULL);
/*!40000 ALTER TABLE `tbl_appointment` ENABLE KEYS */;
UNLOCK TABLES;

--
-- Table structure for table `tbl_appointment_items`
--

DROP TABLE IF EXISTS `tbl_appointment_items`;
/*!40101 SET @saved_cs_client     = @@character_set_client */;
/*!40101 SET character_set_client = utf8 */;
CREATE TABLE `tbl_appointment_items` (
  `id` int(11) NOT NULL AUTO_INCREMENT,
  `appointment_id` int(11) DEFAULT NULL,
  `service_id` int(11) DEFAULT NULL,
  `qty` int(11) DEFAULT NULL,
  `price` decimal(13,2) DEFAULT NULL,
  `appointment_time` varchar(45) DEFAULT NULL,
  PRIMARY KEY (`id`)
) ENGINE=InnoDB AUTO_INCREMENT=42 DEFAULT CHARSET=utf8mb4;
/*!40101 SET character_set_client = @saved_cs_client */;

--
-- Dumping data for table `tbl_appointment_items`
--

LOCK TABLES `tbl_appointment_items` WRITE;
/*!40000 ALTER TABLE `tbl_appointment_items` DISABLE KEYS */;
INSERT INTO `tbl_appointment_items` VALUES (27,22,15,1,10000.00,'1'),(28,23,19,3,500.00,'0.5'),(29,24,17,1,500.00,'.5'),(30,24,18,1,500.00,'.5'),(31,25,17,1,500.00,'.5'),(32,26,17,1,500.00,'.5'),(33,27,22,1,1000.00,'1'),(34,27,21,2,1000.00,'2'),(35,28,21,1,1000.00,'2'),(36,28,20,1,500.00,'1'),(37,29,19,2,500.00,'0.5'),(38,30,17,1,500.00,'.5'),(39,30,18,1,500.00,'.5'),(40,31,23,1,500.00,'1'),(41,32,23,2,500.00,'1');
/*!40000 ALTER TABLE `tbl_appointment_items` ENABLE KEYS */;
UNLOCK TABLES;

--
-- Table structure for table `tbl_appointment_paid_status`
--

DROP TABLE IF EXISTS `tbl_appointment_paid_status`;
/*!40101 SET @saved_cs_client     = @@character_set_client */;
/*!40101 SET character_set_client = utf8 */;
CREATE TABLE `tbl_appointment_paid_status` (
  `id` int(11) NOT NULL AUTO_INCREMENT,
  `name` varchar(255) DEFAULT NULL,
  PRIMARY KEY (`id`)
) ENGINE=InnoDB AUTO_INCREMENT=3 DEFAULT CHARSET=utf8mb4;
/*!40101 SET character_set_client = @saved_cs_client */;

--
-- Dumping data for table `tbl_appointment_paid_status`
--

LOCK TABLES `tbl_appointment_paid_status` WRITE;
/*!40000 ALTER TABLE `tbl_appointment_paid_status` DISABLE KEYS */;
INSERT INTO `tbl_appointment_paid_status` VALUES (1,'UNPAID'),(2,'PAID');
/*!40000 ALTER TABLE `tbl_appointment_paid_status` ENABLE KEYS */;
UNLOCK TABLES;

--
-- Table structure for table `tbl_appointment_status`
--

DROP TABLE IF EXISTS `tbl_appointment_status`;
/*!40101 SET @saved_cs_client     = @@character_set_client */;
/*!40101 SET character_set_client = utf8 */;
CREATE TABLE `tbl_appointment_status` (
  `id` int(11) NOT NULL AUTO_INCREMENT,
  `name` varchar(255) DEFAULT NULL,
  PRIMARY KEY (`id`)
) ENGINE=InnoDB AUTO_INCREMENT=5 DEFAULT CHARSET=utf8mb4;
/*!40101 SET character_set_client = @saved_cs_client */;

--
-- Dumping data for table `tbl_appointment_status`
--

LOCK TABLES `tbl_appointment_status` WRITE;
/*!40000 ALTER TABLE `tbl_appointment_status` DISABLE KEYS */;
INSERT INTO `tbl_appointment_status` VALUES (1,'PENDING'),(2,'ACCEPTED'),(3,'RESCHEDULE'),(4,'CANCELLED');
/*!40000 ALTER TABLE `tbl_appointment_status` ENABLE KEYS */;
UNLOCK TABLES;

--
-- Table structure for table `tbl_barangay`
--

DROP TABLE IF EXISTS `tbl_barangay`;
/*!40101 SET @saved_cs_client     = @@character_set_client */;
/*!40101 SET character_set_client = utf8 */;
CREATE TABLE `tbl_barangay` (
  `id` text DEFAULT NULL,
  `name` text DEFAULT NULL,
  `city_id` text DEFAULT NULL,
  `CreatedDate` datetime DEFAULT current_timestamp()
) ENGINE=InnoDB DEFAULT CHARSET=latin1;
/*!40101 SET character_set_client = @saved_cs_client */;

--
-- Dumping data for table `tbl_barangay`
--

LOCK TABLES `tbl_barangay` WRITE;
/*!40000 ALTER TABLE `tbl_barangay` DISABLE KEYS */;
INSERT INTO `tbl_barangay` VALUES ('015501001','ALLABON','015501','2022-03-14 17:19:34'),('015501002','ALOLENG','015501','2022-03-14 17:19:34'),('015501003','BANGAN-ODA','015501','2022-03-14 17:19:34'),('015501004','BARUAN','015501','2022-03-14 17:19:34'),('015501005','BOBOY','015501','2022-03-14 17:19:34'),('015501006','CAYUNGNAN','015501','2022-03-14 17:19:34'),('015501007','DANGLEY','015501','2022-03-14 17:19:34'),('015501009','GAYUSAN','015501','2022-03-14 17:19:34'),('015501010','MACABOBONI','015501','2022-03-14 17:19:34'),('015501011','MAGSAYSAY','015501','2022-03-14 17:19:34'),('015501012','NAMATUCAN','015501','2022-03-14 17:19:34'),('015501013','PATAR','015501','2022-03-14 17:19:34'),('015501014','POBLACION EAST','015501','2022-03-14 17:19:34'),('015501015','POBLACION WEST','015501','2022-03-14 17:19:34'),('015501016','SAN JUAN','015501','2022-03-14 17:19:34'),('015501017','TUPA','015501','2022-03-14 17:19:34'),('015501018','VIGA','015501','2022-03-14 17:19:34'),('015502002','BAYAOAS','015502','2022-03-14 17:19:34'),('015502003','BAYBAY','015502','2022-03-14 17:19:34'),('015502004','BOCACLIW','015502','2022-03-14 17:19:34'),('015502006','BOCBOC EAST','015502','2022-03-14 17:19:34'),('015502007','BOCBOC WEST','015502','2022-03-14 17:19:34'),('015502008','BUER','015502','2022-03-14 17:19:34'),('015502009','CALSIB','015502','2022-03-14 17:19:34'),('015502010','NINOY','015502','2022-03-14 17:19:34'),('015502011','POBLACION','015502','2022-03-14 17:19:34'),('015502012','POGOMBOA','015502','2022-03-14 17:19:34'),('015502013','POGONSILI','015502','2022-03-14 17:19:34'),('015502014','SAN JOSE','015502','2022-03-14 17:19:34'),('015502016','TAMPAC','015502','2022-03-14 17:19:34'),('015502017','LAOAG','015502','2022-03-14 17:19:34'),('015502018','MANLOCBOC','015502','2022-03-14 17:19:34'),('015502019','PANACOL','015502','2022-03-14 17:19:34'),('015503001','ALOS','015503','2022-03-14 17:19:34'),('015503002','AMANDIEGO','015503','2022-03-14 17:19:34'),('015503003','AMANGBANGAN','015503','2022-03-14 17:19:34'),('015503004','BALANGOBONG','015503','2022-03-14 17:19:34'),('015503005','BALAYANG','015503','2022-03-14 17:19:34'),('015503006','BISOCOL','015503','2022-03-14 17:19:34'),('015503007','BOLANEY','015503','2022-03-14 17:19:34'),('015503008','BALEYADAAN','015503','2022-03-14 17:19:34'),('015503009','BUED','015503','2022-03-14 17:19:34'),('015503010','CABATUAN','015503','2022-03-14 17:19:34'),('015503011','CAYUCAY','015503','2022-03-14 17:19:34'),('015503012','DULACAC','015503','2022-03-14 17:19:34'),('015503013','INERANGAN','015503','2022-03-14 17:19:34'),('015503014','LINMANSANGAN','015503','2022-03-14 17:19:34'),('015503015','LUCAP','015503','2022-03-14 17:19:34'),('015503016','MACATIW','015503','2022-03-14 17:19:34'),('015503017','MAGSAYSAY','015503','2022-03-14 17:19:34'),('015503018','MONA','015503','2022-03-14 17:19:34'),('015503019','PALAMIS','015503','2022-03-14 17:19:34'),('015503020','PANGAPISAN','015503','2022-03-14 17:19:34'),('015503021','POBLACION','015503','2022-03-14 17:19:34'),('015503022','POCALPOCAL','015503','2022-03-14 17:19:34'),('015503023','POGO','015503','2022-03-14 17:19:34'),('015503024','POLO','015503','2022-03-14 17:19:34'),('015503025','QUIBUAR','015503','2022-03-14 17:19:34'),('015503026','SABANGAN','015503','2022-03-14 17:19:34'),('015503029','SAN JOSE','015503','2022-03-14 17:19:34'),('015503030','SAN ROQUE','015503','2022-03-14 17:19:34'),('015503031','SAN VICENTE','015503','2022-03-14 17:19:34'),('015503032','SANTA MARIA','015503','2022-03-14 17:19:34'),('015503033','TANAYTAY','015503','2022-03-14 17:19:34'),('015503034','TANGCARANG','015503','2022-03-14 17:19:34'),('015503035','TAWINTAWIN','015503','2022-03-14 17:19:34'),('015503036','TELBANG','015503','2022-03-14 17:19:34'),('015503037','VICTORIA','015503','2022-03-14 17:19:34'),('015503038','LANDOC','015503','2022-03-14 17:19:34'),('015503039','MAAWI','015503','2022-03-14 17:19:34'),('015503040','PANDAN','015503','2022-03-14 17:19:34'),('015503041','SAN ANTONIO','015503','2022-03-14 17:19:34'),('015504001','ANULID','015504','2022-03-14 17:19:34'),('015504003','ATAINAN','015504','2022-03-14 17:19:34'),('015504004','BERSAMIN','015504','2022-03-14 17:19:34'),('015504005','CANARVACANAN','015504','2022-03-14 17:19:34'),('015504006','CARANGLAAN','015504','2022-03-14 17:19:34'),('015504007','CURARENG','015504','2022-03-14 17:19:34'),('015504008','GUALSIC','015504','2022-03-14 17:19:34'),('015504009','KASIKIS','015504','2022-03-14 17:19:34'),('015504010','LAOAC','015504','2022-03-14 17:19:34'),('015504011','MACAYO','015504','2022-03-14 17:19:34'),('015504012','PINDANGAN CENTRO','015504','2022-03-14 17:19:34'),('015504013','PINDANGAN EAST','015504','2022-03-14 17:19:34'),('015504014','PINDANGAN WEST','015504','2022-03-14 17:19:34'),('015504015','POBLACION EAST','015504','2022-03-14 17:19:34'),('015504016','POBLACION WEST','015504','2022-03-14 17:19:34'),('015504017','SAN JUAN','015504','2022-03-14 17:19:34'),('015504018','SAN NICOLAS','015504','2022-03-14 17:19:34'),('015504019','SAN PEDRO APARTADO','015504','2022-03-14 17:19:34'),('015504020','SAN PEDRO ILI','015504','2022-03-14 17:19:34'),('015504021','SAN VICENTE','015504','2022-03-14 17:19:34'),('015504022','VACANTE','015504','2022-03-14 17:19:34'),('015505002','AWILE','015505','2022-03-14 17:19:34'),('015505003','AWAG','015505','2022-03-14 17:19:34'),('015505004','BATIARAO','015505','2022-03-14 17:19:34'),('015505005','CABUNGAN','015505','2022-03-14 17:19:34'),('015505006','CAROT','015505','2022-03-14 17:19:34'),('015505007','DOLAOAN','015505','2022-03-14 17:19:34'),('015505008','IMBO','015505','2022-03-14 17:19:34'),('015505009','MACALEENG','015505','2022-03-14 17:19:34'),('015505010','MACANDOCANDONG','015505','2022-03-14 17:19:34'),('015505011','MAL-ONG','015505','2022-03-14 17:19:34'),('015505012','NAMAGBAGAN','015505','2022-03-14 17:19:34'),('015505014','POBLACION','015505','2022-03-14 17:19:34'),('015505015','ROXAS','015505','2022-03-14 17:19:34'),('015505016','SABLIG','015505','2022-03-14 17:19:34'),('015505018','SAN JOSE','015505','2022-03-14 17:19:34'),('015505019','SIAPAR','015505','2022-03-14 17:19:34'),('015505020','TONDOL','015505','2022-03-14 17:19:34'),('015505021','TORITORI','015505','2022-03-14 17:19:34'),('015506002','ARISTON ESTE','015506','2022-03-14 17:19:34'),('015506003','ARISTON WESTE','015506','2022-03-14 17:19:34'),('015506004','BANTOG','015506','2022-03-14 17:19:34'),('015506005','BARO','015506','2022-03-14 17:19:34'),('015506006','BOBONAN','015506','2022-03-14 17:19:34'),('015506007','CABALITIAN','015506','2022-03-14 17:19:34'),('015506008','CALEPAAN','015506','2022-03-14 17:19:34'),('015506009','CAROSUCAN NORTE','015506','2022-03-14 17:19:34'),('015506010','CAROSUCAN SUR','015506','2022-03-14 17:19:34'),('015506011','COLDIT','015506','2022-03-14 17:19:34'),('015506012','DOMANPOT','015506','2022-03-14 17:19:34'),('015506013','DUPAC','015506','2022-03-14 17:19:34'),('015506014','MACALONG','015506','2022-03-14 17:19:34'),('015506015','PALARIS','015506','2022-03-14 17:19:34'),('015506016','POBLACION EAST','015506','2022-03-14 17:19:34'),('015506017','POBLACION WEST','015506','2022-03-14 17:19:34'),('015506018','SAN VICENTE ESTE','015506','2022-03-14 17:19:34'),('015506019','SAN VICENTE WESTE','015506','2022-03-14 17:19:34'),('015506020','SANCHEZ','015506','2022-03-14 17:19:34'),('015506021','SOBOL','015506','2022-03-14 17:19:34'),('015506022','TOBOY','015506','2022-03-14 17:19:34'),('015507001','ANGAYAN NORTE','015507','2022-03-14 17:19:34'),('015507002','ANGAYAN SUR','015507','2022-03-14 17:19:34'),('015507003','CAPULAAN','015507','2022-03-14 17:19:34'),('015507004','ESMERALDA','015507','2022-03-14 17:19:34'),('015507005','KITA-KITA','015507','2022-03-14 17:19:34'),('015507006','MABINI','015507','2022-03-14 17:19:34'),('015507007','MAUBAN','015507','2022-03-14 17:19:34'),('015507008','POBLACION','015507','2022-03-14 17:19:34'),('015507009','PUGARO','015507','2022-03-14 17:19:34'),('015507010','RAJAL','015507','2022-03-14 17:19:34'),('015507011','SAN ANDRES','015507','2022-03-14 17:19:34'),('015507012','SAN AURELIO 1ST','015507','2022-03-14 17:19:34'),('015507013','SAN AURELIO 2ND','015507','2022-03-14 17:19:34'),('015507014','SAN AURELIO 3RD','015507','2022-03-14 17:19:34'),('015507015','SAN JOAQUIN','015507','2022-03-14 17:19:34'),('015507016','SAN JULIAN','015507','2022-03-14 17:19:34'),('015507017','SAN LEON','015507','2022-03-14 17:19:34'),('015507018','SAN MARCELINO','015507','2022-03-14 17:19:34'),('015507019','SAN MIGUEL','015507','2022-03-14 17:19:34'),('015507020','SAN RAYMUNDO','015507','2022-03-14 17:19:34'),('015508001','AMBABAAY','015508','2022-03-14 17:19:34'),('015508002','APORAO','015508','2022-03-14 17:19:34'),('015508003','ARWAS','015508','2022-03-14 17:19:34'),('015508004','BALLAG','015508','2022-03-14 17:19:34'),('015508005','BANOG NORTE','015508','2022-03-14 17:19:34'),('015508006','BANOG SUR','015508','2022-03-14 17:19:34'),('015508007','CENTRO TOMA','015508','2022-03-14 17:19:34'),('015508008','COLAYO','015508','2022-03-14 17:19:34'),('015508009','DACAP NORTE','015508','2022-03-14 17:19:34'),('015508010','DACAP SUR','015508','2022-03-14 17:19:34'),('015508011','GARRITA','015508','2022-03-14 17:19:34'),('015508012','LUAC','015508','2022-03-14 17:19:34'),('015508013','MACABIT','015508','2022-03-14 17:19:34'),('015508014','MASIDEM','015508','2022-03-14 17:19:34'),('015508015','POBLACION','015508','2022-03-14 17:19:34'),('015508016','QUINAOAYANAN','015508','2022-03-14 17:19:34'),('015508017','RANAO','015508','2022-03-14 17:19:34'),('015508018','RANOM ILOCO','015508','2022-03-14 17:19:34'),('015508019','SAN JOSE','015508','2022-03-14 17:19:34'),('015508020','SAN MIGUEL','015508','2022-03-14 17:19:34'),('015508021','SAN SIMON','015508','2022-03-14 17:19:34'),('015508022','SAN VICENTE','015508','2022-03-14 17:19:34'),('015508023','TIEP','015508','2022-03-14 17:19:34'),('015508024','TIPOR','015508','2022-03-14 17:19:34'),('015508025','TUGUI GRANDE','015508','2022-03-14 17:19:34'),('015508026','TUGUI NORTE','015508','2022-03-14 17:19:34'),('015508027','CALABENG','015508','2022-03-14 17:19:34'),('015509001','ANAMBONGAN','015509','2022-03-14 17:19:34'),('015509002','BAYOYONG','015509','2022-03-14 17:19:34'),('015509003','CABELDATAN','015509','2022-03-14 17:19:34'),('015509004','DUMPAY','015509','2022-03-14 17:19:34'),('015509005','MALIMPEC EAST','015509','2022-03-14 17:19:34'),('015509006','MAPOLOPOLO','015509','2022-03-14 17:19:34'),('015509007','NALNERAN','015509','2022-03-14 17:19:34'),('015509008','NAVATAT','015509','2022-03-14 17:19:34'),('015509009','OBONG','015509','2022-03-14 17:19:34'),('015509010','OSMENA SR.','015509','2022-03-14 17:19:34'),('015509011','PALMA','015509','2022-03-14 17:19:34'),('015509012','PATACBO','015509','2022-03-14 17:19:34'),('015509013','POBLACION','015509','2022-03-14 17:19:34'),('015510001','ARTACHO','015510','2022-03-14 17:19:34'),('015510003','CABUAAN','015510','2022-03-14 17:19:34'),('015510004','CACANDONGAN','015510','2022-03-14 17:19:34'),('015510006','DIAZ','015510','2022-03-14 17:19:34'),('015510007','NANDACAN','015510','2022-03-14 17:19:34'),('015510009','NIBALIW NORTE','015510','2022-03-14 17:19:34'),('015510010','NIBALIW SUR','015510','2022-03-14 17:19:34'),('015510011','PALISOC','015510','2022-03-14 17:19:34'),('015510012','POBLACION EAST','015510','2022-03-14 17:19:34'),('015510013','POBLACION WEST','015510','2022-03-14 17:19:34'),('015510014','POGO','015510','2022-03-14 17:19:34'),('015510015','POPONTO','015510','2022-03-14 17:19:34'),('015510016','PRIMICIAS','015510','2022-03-14 17:19:34'),('015510017','KETEGAN','015510','2022-03-14 17:19:34'),('015510018','SINABAAN','015510','2022-03-14 17:19:34'),('015510019','VACANTE','015510','2022-03-14 17:19:34'),('015510020','VILLANUEVA','015510','2022-03-14 17:19:34'),('015510021','BALUYOT','015510','2022-03-14 17:19:34'),('015511001','ALINGGAN','015511','2022-03-14 17:19:34'),('015511002','AMAMPEREZ','015511','2022-03-14 17:19:34'),('015511003','AMANCOSILING NORTE','015511','2022-03-14 17:19:34'),('015511004','AMANCOSILING SUR','015511','2022-03-14 17:19:34'),('015511005','AMBAYAT I','015511','2022-03-14 17:19:34'),('015511006','AMBAYAT II','015511','2022-03-14 17:19:34'),('015511007','APALEN','015511','2022-03-14 17:19:34'),('015511008','ASIN','015511','2022-03-14 17:19:34'),('015511009','ATAYNAN','015511','2022-03-14 17:19:34'),('015511010','BACNONO','015511','2022-03-14 17:19:34'),('015511011','BALAYBUAYA','015511','2022-03-14 17:19:34'),('015511012','BANABAN','015511','2022-03-14 17:19:34'),('015511013','BANI','015511','2022-03-14 17:19:34'),('015511014','BATANGCAWA','015511','2022-03-14 17:19:34'),('015511015','BELENG','015511','2022-03-14 17:19:34'),('015511016','BICAL NORTE','015511','2022-03-14 17:19:34'),('015511017','BICAL SUR','015511','2022-03-14 17:19:34'),('015511018','BONGATO EAST','015511','2022-03-14 17:19:34'),('015511019','BONGATO WEST','015511','2022-03-14 17:19:34'),('015511020','BUAYAEN','015511','2022-03-14 17:19:34'),('015511021','BUENLAG 1ST','015511','2022-03-14 17:19:34'),('015511022','BUENLAG 2ND','015511','2022-03-14 17:19:34'),('015511023','CADRE SITE','015511','2022-03-14 17:19:34'),('015511024','CARUNGAY','015511','2022-03-14 17:19:34'),('015511025','CATURAY','015511','2022-03-14 17:19:34'),('015511027','DUERA','015511','2022-03-14 17:19:34'),('015511028','DUSOC','015511','2022-03-14 17:19:34'),('015511029','HERMOZA','015511','2022-03-14 17:19:34'),('015511030','IDONG','015511','2022-03-14 17:19:34'),('015511031','INANLORENZANA','015511','2022-03-14 17:19:34'),('015511032','INIRANGAN','015511','2022-03-14 17:19:34'),('015511033','ITON','015511','2022-03-14 17:19:34'),('015511034','LANGIRAN','015511','2022-03-14 17:19:34'),('015511035','LIGUE','015511','2022-03-14 17:19:34'),('015511036','M. H. DEL PILAR','015511','2022-03-14 17:19:34'),('015511037','MACAYOCAYO','015511','2022-03-14 17:19:34'),('015511038','MAGSAYSAY','015511','2022-03-14 17:19:34'),('015511039','MAIGPA','015511','2022-03-14 17:19:34'),('015511040','MALIMPEC','015511','2022-03-14 17:19:34'),('015511041','MALIOER','015511','2022-03-14 17:19:34'),('015511042','MANAGOS','015511','2022-03-14 17:19:34'),('015511043','MANAMBONG NORTE','015511','2022-03-14 17:19:34'),('015511044','MANAMBONG PARTE','015511','2022-03-14 17:19:34'),('015511045','MANAMBONG SUR','015511','2022-03-14 17:19:34'),('015511046','MANGAYAO','015511','2022-03-14 17:19:34'),('015511047','NALSIAN NORTE','015511','2022-03-14 17:19:34'),('015511048','NALSIAN SUR','015511','2022-03-14 17:19:34'),('015511049','PANGDEL','015511','2022-03-14 17:19:34'),('015511050','PANTOL','015511','2022-03-14 17:19:34'),('015511051','PARAGOS','015511','2022-03-14 17:19:34'),('015511053','POBLACION SUR','015511','2022-03-14 17:19:34'),('015511054','PUGO','015511','2022-03-14 17:19:34'),('015511055','REYNADO','015511','2022-03-14 17:19:34'),('015511056','SAN GABRIEL 1ST','015511','2022-03-14 17:19:34'),('015511057','SAN GABRIEL 2ND','015511','2022-03-14 17:19:34'),('015511058','SAN VICENTE','015511','2022-03-14 17:19:34'),('015511059','SANGCAGULIS','015511','2022-03-14 17:19:34'),('015511060','SANLIBO','015511','2022-03-14 17:19:34'),('015511061','SAPANG','015511','2022-03-14 17:19:34'),('015511062','TAMARO','015511','2022-03-14 17:19:34'),('015511063','TAMBAC','015511','2022-03-14 17:19:34'),('015511064','TAMPOG','015511','2022-03-14 17:19:34'),('015511065','DARAWEY','015511','2022-03-14 17:19:34'),('015511066','TANOLONG','015511','2022-03-14 17:19:34'),('015511067','TATARAO','015511','2022-03-14 17:19:34'),('015511068','TELBANG','015511','2022-03-14 17:19:34'),('015511069','TOCOC EAST','015511','2022-03-14 17:19:34'),('015511070','TOCOC WEST','015511','2022-03-14 17:19:34'),('015511071','WARDING','015511','2022-03-14 17:19:34'),('015511072','WAWA','015511','2022-03-14 17:19:34'),('015511073','ZONE I (POB.)','015511','2022-03-14 17:19:34'),('015511074','ZONE II (POB.)','015511','2022-03-14 17:19:34'),('015511075','ZONE III (POB.)','015511','2022-03-14 17:19:34'),('015511076','ZONE IV (POB.)','015511','2022-03-14 17:19:34'),('015511077','ZONE V (POB.)','015511','2022-03-14 17:19:34'),('015511078','ZONE VI (POB.)','015511','2022-03-14 17:19:34'),('015511079','ZONE VII (POB.)','015511','2022-03-14 17:19:34'),('015512001','BALANGOBONG','015512','2022-03-14 17:19:34'),('015512002','BUED','015512','2022-03-14 17:19:34'),('015512003','BUGAYONG','015512','2022-03-14 17:19:34'),('015512004','CAMANGAAN','015512','2022-03-14 17:19:34'),('015512005','CANARVACANAN','015512','2022-03-14 17:19:34'),('015512006','CAPAS','015512','2022-03-14 17:19:34'),('015512007','CILI','015512','2022-03-14 17:19:34'),('015512008','DUMAYAT','015512','2022-03-14 17:19:34'),('015512009','LINMANSANGAN','015512','2022-03-14 17:19:34'),('015512011','MANGCASUY','015512','2022-03-14 17:19:34'),('015512012','MORENO','015512','2022-03-14 17:19:34'),('015512013','PASILENG NORTE','015512','2022-03-14 17:19:34'),('015512014','PASILENG SUR','015512','2022-03-14 17:19:34'),('015512015','POBLACION','015512','2022-03-14 17:19:34'),('015512016','SAN FELIPE CENTRAL','015512','2022-03-14 17:19:34'),('015512017','SAN FELIPE SUR','015512','2022-03-14 17:19:34'),('015512019','SAN PABLO','015512','2022-03-14 17:19:34'),('015512020','SANTA CATALINA','015512','2022-03-14 17:19:34'),('015512021','SANTA MARIA NORTE','015512','2022-03-14 17:19:34'),('015512022','SANTIAGO','015512','2022-03-14 17:19:34'),('015512023','SANTO NI?O','015512','2022-03-14 17:19:34'),('015512024','SUMABNIT','015512','2022-03-14 17:19:34'),('015512025','TABUYOC','015512','2022-03-14 17:19:34'),('015512026','VACANTE','015512','2022-03-14 17:19:34'),('015513001','AMANCORO','015513','2022-03-14 17:19:34'),('015513002','BALAGAN','015513','2022-03-14 17:19:34'),('015513003','BALOGO','015513','2022-03-14 17:19:34'),('015513004','BASING','015513','2022-03-14 17:19:34'),('015513005','BAYBAY LOPEZ','015513','2022-03-14 17:19:34'),('015513006','BAYBAY POLONG','015513','2022-03-14 17:19:34'),('015513007','BIEC','015513','2022-03-14 17:19:34'),('015513008','BUENLAG','015513','2022-03-14 17:19:34'),('015513009','CALIT','015513','2022-03-14 17:19:34'),('015513010','CALOOCAN NORTE','015513','2022-03-14 17:19:34'),('015513011','CALOOCAN SUR','015513','2022-03-14 17:19:34'),('015513012','CAMALEY','015513','2022-03-14 17:19:34'),('015513013','CANAOALAN','015513','2022-03-14 17:19:34'),('015513014','DULAG','015513','2022-03-14 17:19:34'),('015513015','GAYAMAN','015513','2022-03-14 17:19:34'),('015513016','LINOC','015513','2022-03-14 17:19:34'),('015513017','LOMBOY','015513','2022-03-14 17:19:34'),('015513018','NAGPALANGAN','015513','2022-03-14 17:19:34'),('015513019','MALINDONG','015513','2022-03-14 17:19:34'),('015513020','MANAT','015513','2022-03-14 17:19:34'),('015513021','NAGUILAYAN','015513','2022-03-14 17:19:34'),('015513022','PALLAS','015513','2022-03-14 17:19:34'),('015513023','PAPAGUEYAN','015513','2022-03-14 17:19:34'),('015513024','PARAYAO','015513','2022-03-14 17:19:34'),('015513026','POBLACION','015513','2022-03-14 17:19:34'),('015513027','POTOTAN','015513','2022-03-14 17:19:34'),('015513028','SABANGAN','015513','2022-03-14 17:19:34'),('015513029','SALAPINGAO','015513','2022-03-14 17:19:34'),('015513030','SAN ISIDRO NORTE','015513','2022-03-14 17:19:34'),('015513031','SAN ISIDRO SUR','015513','2022-03-14 17:19:34'),('015513032','SANTA ROSA','015513','2022-03-14 17:19:34'),('015513033','TOMBOR','015513','2022-03-14 17:19:34'),('015513034','CALOOCAN DUPO','015513','2022-03-14 17:19:34'),('015514001','ARNEDO','015514','2022-03-14 17:19:34'),('015514002','BALINGASAY','015514','2022-03-14 17:19:34'),('015514003','BINABALIAN','015514','2022-03-14 17:19:34'),('015514004','CABUYAO','015514','2022-03-14 17:19:34'),('015514005','CATUDAY','015514','2022-03-14 17:19:34'),('015514006','CATUNGI','015514','2022-03-14 17:19:34'),('015514007','CONCORDIA (POB.)','015514','2022-03-14 17:19:34'),('015514008','CULANG','015514','2022-03-14 17:19:34'),('015514009','DEWEY','015514','2022-03-14 17:19:34'),('015514010','ESTANZA','015514','2022-03-14 17:19:34'),('015514011','GERMINAL (POB.)','015514','2022-03-14 17:19:34'),('015514012','GOYODEN','015514','2022-03-14 17:19:34'),('015514013','ILOGMALINO','015514','2022-03-14 17:19:34'),('015514014','LAMBES','015514','2022-03-14 17:19:34'),('015514015','LIWA-LIWA','015514','2022-03-14 17:19:34'),('015514016','LUCERO','015514','2022-03-14 17:19:34'),('015514017','LUCIENTE 1.0','015514','2022-03-14 17:19:34'),('015514018','LUCIENTE 2.0','015514','2022-03-14 17:19:34'),('015514019','LUNA','015514','2022-03-14 17:19:34'),('015514020','PATAR','015514','2022-03-14 17:19:34'),('015514021','PILAR','015514','2022-03-14 17:19:34'),('015514023','SALUD','015514','2022-03-14 17:19:34'),('015514024','SAMANG NORTE','015514','2022-03-14 17:19:34'),('015514025','SAMANG SUR','015514','2022-03-14 17:19:34'),('015514026','SAMPALOC','015514','2022-03-14 17:19:34'),('015514027','SAN ROQUE','015514','2022-03-14 17:19:34'),('015514028','TARA','015514','2022-03-14 17:19:34'),('015514029','TUPA','015514','2022-03-14 17:19:34'),('015514030','VICTORY','015514','2022-03-14 17:19:34'),('015514031','ZARAGOZA','015514','2022-03-14 17:19:34'),('015515001','ANGARIAN','015515','2022-03-14 17:19:34'),('015515002','ASINAN','015515','2022-03-14 17:19:34'),('015515003','BANAGA','015515','2022-03-14 17:19:34'),('015515004','BACABAC','015515','2022-03-14 17:19:34'),('015515005','BOLAOEN','015515','2022-03-14 17:19:34'),('015515006','BUENLAG','015515','2022-03-14 17:19:34'),('015515007','CABAYAOASAN','015515','2022-03-14 17:19:34'),('015515008','CAYANGA','015515','2022-03-14 17:19:34'),('015515009','GUESET','015515','2022-03-14 17:19:34'),('015515010','HACIENDA','015515','2022-03-14 17:19:34'),('015515011','LAGUIT CENTRO','015515','2022-03-14 17:19:34'),('015515012','LAGUIT PADILLA','015515','2022-03-14 17:19:34'),('015515013','MAGTAKING','015515','2022-03-14 17:19:34'),('015515014','PANGASCASAN','015515','2022-03-14 17:19:34'),('015515015','PANTAL','015515','2022-03-14 17:19:34'),('015515016','POBLACION','015515','2022-03-14 17:19:34'),('015515017','POLONG','015515','2022-03-14 17:19:34'),('015515018','PORTIC','015515','2022-03-14 17:19:34'),('015515019','SALASA','015515','2022-03-14 17:19:34'),('015515020','SALOMAGUE NORTE','015515','2022-03-14 17:19:34'),('015515021','SALOMAGUE SUR','015515','2022-03-14 17:19:34'),('015515022','SAMAT','015515','2022-03-14 17:19:34'),('015515023','SAN FRANCISCO','015515','2022-03-14 17:19:34'),('015515024','UMANDAY','015515','2022-03-14 17:19:34'),('015516001','ANAPAO','015516','2022-03-14 17:19:34'),('015516003','CACAYASEN','015516','2022-03-14 17:19:34'),('015516004','CONCORDIA','015516','2022-03-14 17:19:34'),('015516005','ILIO-ILIO','015516','2022-03-14 17:19:34'),('015516006','PAPALLASEN','015516','2022-03-14 17:19:34'),('015516007','POBLACION','015516','2022-03-14 17:19:34'),('015516008','POGORUAC','015516','2022-03-14 17:19:34'),('015516009','DON MATIAS','015516','2022-03-14 17:19:34'),('015516010','SAN MIGUEL','015516','2022-03-14 17:19:34'),('015516011','SAN PASCUAL','015516','2022-03-14 17:19:34'),('015516012','SAN VICENTE','015516','2022-03-14 17:19:34'),('015516013','SAPA GRANDE','015516','2022-03-14 17:19:34'),('015516014','SAPA PEQUE?A','015516','2022-03-14 17:19:34'),('015516015','TAMBACAN','015516','2022-03-14 17:19:34'),('015517001','AMBONAO','015517','2022-03-14 17:19:34'),('015517002','AMBUETEL','015517','2022-03-14 17:19:34'),('015517003','BANAOANG','015517','2022-03-14 17:19:34'),('015517004','BUED','015517','2022-03-14 17:19:34'),('015517005','BUENLAG','015517','2022-03-14 17:19:34'),('015517006','CABILOCAAN','015517','2022-03-14 17:19:34'),('015517007','DINALAOAN','015517','2022-03-14 17:19:34'),('015517008','DOYONG','015517','2022-03-14 17:19:34'),('015517009','GABON','015517','2022-03-14 17:19:34'),('015517010','LASIP','015517','2022-03-14 17:19:34'),('015517011','LONGOS','015517','2022-03-14 17:19:34'),('015517012','LUMBANG','015517','2022-03-14 17:19:34'),('015517013','MACABITO','015517','2022-03-14 17:19:34'),('015517014','MALABAGO','015517','2022-03-14 17:19:34'),('015517015','MANCUP','015517','2022-03-14 17:19:34'),('015517016','NAGSAING','015517','2022-03-14 17:19:34'),('015517017','NALSIAN','015517','2022-03-14 17:19:34'),('015517018','POBLACION EAST','015517','2022-03-14 17:19:34'),('015517019','POBLACION WEST','015517','2022-03-14 17:19:34'),('015517020','QUESBAN','015517','2022-03-14 17:19:34'),('015517022','SAN MIGUEL','015517','2022-03-14 17:19:34'),('015517023','SAN VICENTE','015517','2022-03-14 17:19:34'),('015517024','SONGKOY','015517','2022-03-14 17:19:34'),('015517025','TALIBAEW','015517','2022-03-14 17:19:34'),('015518001','BACAYAO NORTE','015518','2022-03-14 17:19:34'),('015518002','BACAYAO SUR','015518','2022-03-14 17:19:34'),('015518003','BARANGAY II','015518','2022-03-14 17:19:34'),('015518004','BARANGAY IV','015518','2022-03-14 17:19:34'),('015518006','BOLOSAN','015518','2022-03-14 17:19:34'),('015518007','BONUAN BINLOC','015518','2022-03-14 17:19:34'),('015518008','BONUAN BOQUIG','015518','2022-03-14 17:19:34'),('015518009','BONUAN GUESET','015518','2022-03-14 17:19:34'),('015518010','CALMAY','015518','2022-03-14 17:19:34'),('015518011','CARAEL','015518','2022-03-14 17:19:34'),('015518012','CARANGLAAN','015518','2022-03-14 17:19:34'),('015518013','HERRERO','015518','2022-03-14 17:19:34'),('015518014','LASIP CHICO','015518','2022-03-14 17:19:34'),('015518015','LASIP GRANDE','015518','2022-03-14 17:19:34'),('015518016','LOMBOY','015518','2022-03-14 17:19:34'),('015518017','LUCAO','015518','2022-03-14 17:19:34'),('015518018','MALUED','015518','2022-03-14 17:19:34'),('015518019','MAMALINGLING','015518','2022-03-14 17:19:34'),('015518020','MANGIN','015518','2022-03-14 17:19:34'),('015518021','MAYOMBO','015518','2022-03-14 17:19:34'),('015518022','PANTAL','015518','2022-03-14 17:19:34'),('015518023','POBLACION OESTE','015518','2022-03-14 17:19:34'),('015518024','BARANGAY I','015518','2022-03-14 17:19:34'),('015518025','POGO CHICO','015518','2022-03-14 17:19:34'),('015518026','POGO GRANDE','015518','2022-03-14 17:19:34'),('015518027','PUGARO SUIT','015518','2022-03-14 17:19:34'),('015518028','SALAPINGAO','015518','2022-03-14 17:19:34'),('015518029','SALISAY','015518','2022-03-14 17:19:34'),('015518030','TAMBAC','015518','2022-03-14 17:19:34'),('015518031','TAPUAC','015518','2022-03-14 17:19:34'),('015518032','TEBENG','015518','2022-03-14 17:19:34'),('015519001','ALILAO','015519','2022-03-14 17:19:34'),('015519002','AMALBALAN','015519','2022-03-14 17:19:34'),('015519003','BOBONOT','015519','2022-03-14 17:19:34'),('015519004','EGUIA','015519','2022-03-14 17:19:34'),('015519005','GAIS-GUIPE','015519','2022-03-14 17:19:34'),('015519006','HERMOSA','015519','2022-03-14 17:19:34'),('015519007','MACALANG','015519','2022-03-14 17:19:34'),('015519008','MAGSAYSAY','015519','2022-03-14 17:19:34'),('015519010','MALACAPAS','015519','2022-03-14 17:19:34'),('015519011','MALIMPIN','015519','2022-03-14 17:19:34'),('015519012','OSME?A','015519','2022-03-14 17:19:34'),('015519013','PETAL','015519','2022-03-14 17:19:34'),('015519014','POBLACION','015519','2022-03-14 17:19:34'),('015519015','SAN VICENTE','015519','2022-03-14 17:19:34'),('015519016','TAMBAC','015519','2022-03-14 17:19:34'),('015519017','TAMBOBONG','015519','2022-03-14 17:19:34'),('015519018','ULI','015519','2022-03-14 17:19:34'),('015519019','VIGA','015519','2022-03-14 17:19:34'),('015520002','BAMBAN','015520','2022-03-14 17:19:34'),('015520003','BATANG','015520','2022-03-14 17:19:34'),('015520004','BAYAMBANG','015520','2022-03-14 17:19:34'),('015520005','CATO','015520','2022-03-14 17:19:34'),('015520006','DOLIMAN','015520','2022-03-14 17:19:34'),('015520007','FATIMA','015520','2022-03-14 17:19:34'),('015520008','MAYA','015520','2022-03-14 17:19:34'),('015520009','NANGALISAN','015520','2022-03-14 17:19:34'),('015520010','NAYOM','015520','2022-03-14 17:19:34'),('015520011','PITA','015520','2022-03-14 17:19:34'),('015520012','POBLACION','015520','2022-03-14 17:19:34'),('015520013','POTOL','015520','2022-03-14 17:19:34'),('015520014','BABUYAN','015520','2022-03-14 17:19:34'),('015521001','BOLO','015521','2022-03-14 17:19:34'),('015521002','BONGALON','015521','2022-03-14 17:19:34'),('015521003','DULIG','015521','2022-03-14 17:19:34'),('015521004','LAOIS','015521','2022-03-14 17:19:34'),('015521005','MAGSAYSAY','015521','2022-03-14 17:19:34'),('015521006','POBLACION','015521','2022-03-14 17:19:34'),('015521007','SAN GONZALO','015521','2022-03-14 17:19:34'),('015521008','SAN JOSE','015521','2022-03-14 17:19:34'),('015521009','TOBUAN','015521','2022-03-14 17:19:34'),('015521010','UYONG','015521','2022-03-14 17:19:34'),('015522001','ALIWEKWEK','015522','2022-03-14 17:19:34'),('015522002','BAAY','015522','2022-03-14 17:19:34'),('015522003','BALANGOBONG','015522','2022-03-14 17:19:34'),('015522004','BALOCOC','015522','2022-03-14 17:19:34'),('015522006','BANTAYAN','015522','2022-03-14 17:19:34'),('015522007','BASING','015522','2022-03-14 17:19:34'),('015522008','CAPANDANAN','015522','2022-03-14 17:19:34'),('015522009','DOMALANDAN CENTER','015522','2022-03-14 17:19:34'),('015522010','DOMALANDAN EAST','015522','2022-03-14 17:19:34'),('015522011','DOMALANDAN WEST','015522','2022-03-14 17:19:34'),('015522013','DORONGAN','015522','2022-03-14 17:19:34'),('015522014','DULAG','015522','2022-03-14 17:19:34'),('015522015','ESTANZA','015522','2022-03-14 17:19:34'),('015522016','LASIP','015522','2022-03-14 17:19:34'),('015522017','LIBSONG EAST','015522','2022-03-14 17:19:34'),('015522018','LIBSONG WEST','015522','2022-03-14 17:19:34'),('015522019','MALAWA','015522','2022-03-14 17:19:34'),('015522020','MALIMPUEC','015522','2022-03-14 17:19:34'),('015522021','MANIBOC','015522','2022-03-14 17:19:34'),('015522022','MATALAVA','015522','2022-03-14 17:19:34'),('015522023','NAGUELGUEL','015522','2022-03-14 17:19:34'),('015522025','NAMOLAN','015522','2022-03-14 17:19:34'),('015522026','PANGAPISAN NORTH','015522','2022-03-14 17:19:34'),('015522027','PANGAPISAN SUR','015522','2022-03-14 17:19:34'),('015522028','POBLACION','015522','2022-03-14 17:19:34'),('015522029','QUIBAOL','015522','2022-03-14 17:19:34'),('015522030','ROSARIO','015522','2022-03-14 17:19:34'),('015522031','SABANGAN','015522','2022-03-14 17:19:34'),('015522032','TALOGTOG','015522','2022-03-14 17:19:34'),('015522033','TONTON','015522','2022-03-14 17:19:34'),('015522034','TUMBAR','015522','2022-03-14 17:19:34'),('015522035','WAWA','015522','2022-03-14 17:19:34'),('015523002','BACNIT','015523','2022-03-14 17:19:34'),('015523003','BARLO','015523','2022-03-14 17:19:34'),('015523005','CAABIANGAAN','015523','2022-03-14 17:19:34'),('015523006','CABANAETAN','015523','2022-03-14 17:19:34'),('015523007','CABINUANGAN','015523','2022-03-14 17:19:34'),('015523008','CALZADA','015523','2022-03-14 17:19:34'),('015523009','CARANGLAAN','015523','2022-03-14 17:19:34'),('015523010','DE GUZMAN','015523','2022-03-14 17:19:34'),('015523012','LUNA','015523','2022-03-14 17:19:34'),('015523013','MAGALONG','015523','2022-03-14 17:19:34'),('015523014','NIBALIW','015523','2022-03-14 17:19:34'),('015523015','PATAR','015523','2022-03-14 17:19:34'),('015523016','POBLACION','015523','2022-03-14 17:19:34'),('015523017','SAN PEDRO','015523','2022-03-14 17:19:34'),('015523018','TAGUDIN','015523','2022-03-14 17:19:34'),('015523020','VILLACORTA','015523','2022-03-14 17:19:34'),('015524001','ABONAGAN','015524','2022-03-14 17:19:34'),('015524002','AGDAO','015524','2022-03-14 17:19:34'),('015524003','ALACAN','015524','2022-03-14 17:19:34'),('015524004','ALIAGA','015524','2022-03-14 17:19:34'),('015524005','AMACALAN','015524','2022-03-14 17:19:34'),('015524006','ANOLID','015524','2022-03-14 17:19:34'),('015524007','APAYA','015524','2022-03-14 17:19:34'),('015524008','ASIN ESTE','015524','2022-03-14 17:19:34'),('015524009','ASIN WESTE','015524','2022-03-14 17:19:34'),('015524010','BACUNDAO ESTE','015524','2022-03-14 17:19:34'),('015524011','BACUNDAO WESTE','015524','2022-03-14 17:19:34'),('015524012','BAKITIW','015524','2022-03-14 17:19:34'),('015524013','BALITE','015524','2022-03-14 17:19:34'),('015524014','BANAWANG','015524','2022-03-14 17:19:34'),('015524015','BARANG','015524','2022-03-14 17:19:34'),('015524016','BAWER','015524','2022-03-14 17:19:34'),('015524017','BINALAY','015524','2022-03-14 17:19:34'),('015524018','BOBON','015524','2022-03-14 17:19:34'),('015524019','BOLAOIT','015524','2022-03-14 17:19:34'),('015524020','BONGAR','015524','2022-03-14 17:19:34'),('015524021','BUTAO','015524','2022-03-14 17:19:34'),('015524022','CABATLING','015524','2022-03-14 17:19:34'),('015524023','CABUELDATAN','015524','2022-03-14 17:19:34'),('015524026','CALBUEG','015524','2022-03-14 17:19:34'),('015524027','CANAN NORTE','015524','2022-03-14 17:19:34'),('015524028','CANAN SUR','015524','2022-03-14 17:19:34'),('015524029','CAWAYAN BOGTONG','015524','2022-03-14 17:19:34'),('015524031','DON PEDRO','015524','2022-03-14 17:19:34'),('015524032','GATANG','015524','2022-03-14 17:19:34'),('015524033','GOLIMAN','015524','2022-03-14 17:19:34'),('015524034','GOMEZ','015524','2022-03-14 17:19:34'),('015524035','GUILIG','015524','2022-03-14 17:19:34'),('015524036','ICAN','015524','2022-03-14 17:19:34'),('015524037','INGALAGALA','015524','2022-03-14 17:19:34'),('015524038','LAREG-LAREG','015524','2022-03-14 17:19:34'),('015524039','LASIP','015524','2022-03-14 17:19:34'),('015524040','LEPA','015524','2022-03-14 17:19:34'),('015524041','LOQUEB ESTE','015524','2022-03-14 17:19:34'),('015524042','LOQUEB NORTE','015524','2022-03-14 17:19:34'),('015524043','LOQUEB SUR','015524','2022-03-14 17:19:34'),('015524044','LUNEC','015524','2022-03-14 17:19:34'),('015524045','MABULITEC','015524','2022-03-14 17:19:34'),('015524047','MALIMPEC','015524','2022-03-14 17:19:34'),('015524048','MANGGAN-DAMPAY','015524','2022-03-14 17:19:34'),('015524049','NANCAPIAN','015524','2022-03-14 17:19:34'),('015524050','NALSIAN NORTE','015524','2022-03-14 17:19:34'),('015524051','NALSIAN SUR','015524','2022-03-14 17:19:34'),('015524053','NANSANGAAN','015524','2022-03-14 17:19:34'),('015524054','OLEA','015524','2022-03-14 17:19:34'),('015524055','PACUAN','015524','2022-03-14 17:19:34'),('015524056','PALAPAR NORTE','015524','2022-03-14 17:19:34'),('015524057','PALAPAR SUR','015524','2022-03-14 17:19:34'),('015524058','PALONG','015524','2022-03-14 17:19:34'),('015524059','PAMARANUM','015524','2022-03-14 17:19:34'),('015524060','PASIMA','015524','2022-03-14 17:19:34'),('015524061','PAYAR','015524','2022-03-14 17:19:34'),('015524062','POBLACION','015524','2022-03-14 17:19:34'),('015524063','POLONG NORTE','015524','2022-03-14 17:19:34'),('015524064','POLONG SUR','015524','2022-03-14 17:19:34'),('015524065','POTIOCAN','015524','2022-03-14 17:19:34'),('015524066','SAN JULIAN','015524','2022-03-14 17:19:34'),('015524067','TABO-SILI','015524','2022-03-14 17:19:34'),('015524068','TOBOR','015524','2022-03-14 17:19:34'),('015524069','TALOSPATANG','015524','2022-03-14 17:19:34'),('015524070','TALOY','015524','2022-03-14 17:19:34'),('015524071','TALOYAN','015524','2022-03-14 17:19:34'),('015524072','TAMBAC','015524','2022-03-14 17:19:34'),('015524073','TOLONGUAT','015524','2022-03-14 17:19:34'),('015524074','TOMLING','015524','2022-03-14 17:19:34'),('015524075','UMANDO','015524','2022-03-14 17:19:34'),('015524076','VIADO','015524','2022-03-14 17:19:34'),('015524077','WAIG','015524','2022-03-14 17:19:34'),('015524078','WAREY','015524','2022-03-14 17:19:34'),('015525002','BABASIT','015525','2022-03-14 17:19:34'),('015525003','BAGUINAY','015525','2022-03-14 17:19:34'),('015525004','BARITAO','015525','2022-03-14 17:19:34'),('015525005','BISAL','015525','2022-03-14 17:19:34'),('015525007','BUCAO','015525','2022-03-14 17:19:34'),('015525009','CABANBANAN','015525','2022-03-14 17:19:34'),('015525014','CALAOCAN','015525','2022-03-14 17:19:34'),('015525019','INAMOTAN','015525','2022-03-14 17:19:34'),('015525023','LELEMAAN','015525','2022-03-14 17:19:34'),('015525024','LICSI','015525','2022-03-14 17:19:34'),('015525025','LIPIT NORTE','015525','2022-03-14 17:19:34'),('015525026','LIPIT SUR','015525','2022-03-14 17:19:34'),('015525027','PARIAN','015525','2022-03-14 17:19:34'),('015525028','MATOLONG','015525','2022-03-14 17:19:34'),('015525030','MERMER','015525','2022-03-14 17:19:34'),('015525031','NALSIAN','015525','2022-03-14 17:19:34'),('015525033','ORAAN EAST','015525','2022-03-14 17:19:34'),('015525034','ORAAN WEST','015525','2022-03-14 17:19:34'),('015525036','PANTAL','015525','2022-03-14 17:19:34'),('015525037','PAO','015525','2022-03-14 17:19:34'),('015525039','POBLACION','015525','2022-03-14 17:19:34'),('015525040','PUGARO','015525','2022-03-14 17:19:34'),('015525041','SAN RAMON','015525','2022-03-14 17:19:34'),('015525042','SANTA INES','015525','2022-03-14 17:19:34'),('015525043','SAPANG','015525','2022-03-14 17:19:34'),('015525045','TEBUEL','015525','2022-03-14 17:19:34'),('015526001','ALITAYA','015526','2022-03-14 17:19:34'),('015526002','AMANSABINA','015526','2022-03-14 17:19:34'),('015526003','ANOLID','015526','2022-03-14 17:19:34'),('015526004','BANAOANG','015526','2022-03-14 17:19:34'),('015526005','BANTAYAN','015526','2022-03-14 17:19:34'),('015526006','BARI','015526','2022-03-14 17:19:34'),('015526007','BATENG','015526','2022-03-14 17:19:34'),('015526008','BUENLAG','015526','2022-03-14 17:19:34'),('015526009','DAVID','015526','2022-03-14 17:19:34'),('015526010','EMBARCADERO','015526','2022-03-14 17:19:34'),('015526011','GUEGUESANGEN','015526','2022-03-14 17:19:34'),('015526012','GUESANG','015526','2022-03-14 17:19:34'),('015526013','GUIGUILONEN','015526','2022-03-14 17:19:34'),('015526014','GUILIG','015526','2022-03-14 17:19:34'),('015526015','INLAMBO','015526','2022-03-14 17:19:34'),('015526016','LANAS','015526','2022-03-14 17:19:34'),('015526017','LANDAS','015526','2022-03-14 17:19:34'),('015526018','MAASIN','015526','2022-03-14 17:19:34'),('015526019','MACAYUG','015526','2022-03-14 17:19:34'),('015526020','MALABAGO','015526','2022-03-14 17:19:34'),('015526021','NAVALUAN','015526','2022-03-14 17:19:34'),('015526022','NIBALIW','015526','2022-03-14 17:19:34'),('015526023','OSIEM','015526','2022-03-14 17:19:34'),('015526024','PALUA','015526','2022-03-14 17:19:34'),('015526025','POBLACION','015526','2022-03-14 17:19:34'),('015526026','POGO','015526','2022-03-14 17:19:34'),('015526027','SALAAN','015526','2022-03-14 17:19:34'),('015526028','SALAY','015526','2022-03-14 17:19:34'),('015526029','TEBAG','015526','2022-03-14 17:19:34'),('015526030','TALOGTOG','015526','2022-03-14 17:19:34'),('015527001','ANDANGIN','015527','2022-03-14 17:19:34'),('015527002','ARELLANO STREET (POB.)','015527','2022-03-14 17:19:34'),('015527003','BANTAY','015527','2022-03-14 17:19:34'),('015527004','BANTOCALING','015527','2022-03-14 17:19:34'),('015527005','BARACBAC','015527','2022-03-14 17:19:34'),('015527006','PEANIA PEDANIA','015527','2022-03-14 17:19:34'),('015527007','BOGTONG BOLO','015527','2022-03-14 17:19:34'),('015527008','BOGTONG BUNAO','015527','2022-03-14 17:19:34'),('015527009','BOGTONG CENTRO','015527','2022-03-14 17:19:34'),('015527010','BOGTONG NIOG','015527','2022-03-14 17:19:34'),('015527011','BOGTONG SILAG','015527','2022-03-14 17:19:34'),('015527012','BUAYA','015527','2022-03-14 17:19:34'),('015527013','BUENLAG','015527','2022-03-14 17:19:34'),('015527014','BUENO','015527','2022-03-14 17:19:34'),('015527015','BUNAGAN','015527','2022-03-14 17:19:34'),('015527017','BUNLALACAO','015527','2022-03-14 17:19:34'),('015527018','BURGOS STREET (POB.)','015527','2022-03-14 17:19:34'),('015527019','CABALUYAN 1ST','015527','2022-03-14 17:19:34'),('015527020','CABALUYAN 2ND','015527','2022-03-14 17:19:34'),('015527021','CABARABUAN','015527','2022-03-14 17:19:34'),('015527022','CABARUAN','015527','2022-03-14 17:19:34'),('015527023','CABAYAOASAN','015527','2022-03-14 17:19:34'),('015527024','CABAYUGAN','015527','2022-03-14 17:19:34'),('015527025','CACAOITEN','015527','2022-03-14 17:19:34'),('015527026','CALUMBOYAN NORTE','015527','2022-03-14 17:19:34'),('015527027','CALUMBOYAN SUR','015527','2022-03-14 17:19:34'),('015527028','CALVO (POB.)','015527','2022-03-14 17:19:34'),('015527029','CASILAGAN','015527','2022-03-14 17:19:34'),('015527030','CATARATARAAN','015527','2022-03-14 17:19:34'),('015527031','CATURAY NORTE','015527','2022-03-14 17:19:34'),('015527032','CATURAY SUR','015527','2022-03-14 17:19:34'),('015527033','CAVIERNESAN','015527','2022-03-14 17:19:34'),('015527034','DORONGAN KETAKET','015527','2022-03-14 17:19:34'),('015527035','DORONGAN LINMANSANGAN','015527','2022-03-14 17:19:34'),('015527036','DORONGAN PUNTA','015527','2022-03-14 17:19:34'),('015527037','DORONGAN SAWAT','015527','2022-03-14 17:19:34'),('015527038','DORONGAN VALERIO','015527','2022-03-14 17:19:34'),('015527039','GENERAL LUNA (POB.)','015527','2022-03-14 17:19:34'),('015527040','HISTORIA','015527','2022-03-14 17:19:34'),('015527041','LAWAK LANGKA','015527','2022-03-14 17:19:34'),('015527042','LINMANSANGAN','015527','2022-03-14 17:19:34'),('015527043','LOPEZ (POB.)','015527','2022-03-14 17:19:34'),('015527044','MABINI (POB.)','015527','2022-03-14 17:19:34'),('015527045','MACARANG','015527','2022-03-14 17:19:34'),('015527046','MALABOBO','015527','2022-03-14 17:19:34'),('015527047','MALIBONG','015527','2022-03-14 17:19:34'),('015527048','MALUNEC','015527','2022-03-14 17:19:34'),('015527049','MARAVILLA (POB.)','015527','2022-03-14 17:19:34'),('015527050','MARAVILLA-ARELLANO EXT. (POB.)','015527','2022-03-14 17:19:34'),('015527051','MUELANG','015527','2022-03-14 17:19:34'),('015527052','NAGUILAYAN EAST','015527','2022-03-14 17:19:34'),('015527053','NAGUILAYAN WEST','015527','2022-03-14 17:19:34'),('015527054','NANCASALAN','015527','2022-03-14 17:19:34'),('015527055','NIOG-CABISON-BULANEY','015527','2022-03-14 17:19:34'),('015527056','OLEGARIO-CAOILE (POB.)','015527','2022-03-14 17:19:34'),('015527057','OLO CACAMPOSAN','015527','2022-03-14 17:19:34'),('015527058','OLO CAFABROSAN','015527','2022-03-14 17:19:34'),('015527059','OLO CAGARLITAN','015527','2022-03-14 17:19:34'),('015527060','OSME?A (POB.)','015527','2022-03-14 17:19:34'),('015527061','PACALAT','015527','2022-03-14 17:19:34'),('015527062','PAMPANO','015527','2022-03-14 17:19:34'),('015527063','PARIAN','015527','2022-03-14 17:19:34'),('015527064','PAUL','015527','2022-03-14 17:19:34'),('015527065','POGON-ANIAT','015527','2022-03-14 17:19:34'),('015527066','POGON-LOMBOY (POB.)','015527','2022-03-14 17:19:34'),('015527067','PONGLO-BALEG','015527','2022-03-14 17:19:34'),('015527068','PONGLO-MUELAG','015527','2022-03-14 17:19:34'),('015527069','QUETEGAN','015527','2022-03-14 17:19:34'),('015527070','QUEZON (POB.)','015527','2022-03-14 17:19:34'),('015527071','SALAVANTE','015527','2022-03-14 17:19:34'),('015527072','SAPANG','015527','2022-03-14 17:19:34'),('015527073','SONSON ONGKIT','015527','2022-03-14 17:19:34'),('015527074','SUACO','015527','2022-03-14 17:19:34'),('015527075','TAGAC','015527','2022-03-14 17:19:34'),('015527076','TAKIPAN','015527','2022-03-14 17:19:34'),('015527077','TALOGTOG','015527','2022-03-14 17:19:34'),('015527078','TOCOC BARIKIR','015527','2022-03-14 17:19:34'),('015527079','TORRE 1ST','015527','2022-03-14 17:19:34'),('015527080','TORRE 2ND','015527','2022-03-14 17:19:34'),('015527081','TORRES BUGALLON (POB.)','015527','2022-03-14 17:19:34'),('015527082','UMANGAN','015527','2022-03-14 17:19:34'),('015527083','ZAMORA (POB.)','015527','2022-03-14 17:19:34'),('015528001','AMANOAOAC','015528','2022-03-14 17:19:34'),('015528002','APAYA','015528','2022-03-14 17:19:34'),('015528003','ASERDA','015528','2022-03-14 17:19:34'),('015528004','BALOLING','015528','2022-03-14 17:19:34'),('015528006','CORAL','015528','2022-03-14 17:19:34'),('015528007','GOLDEN','015528','2022-03-14 17:19:34'),('015528008','JIMENEZ','015528','2022-03-14 17:19:34'),('015528009','LAMBAYAN','015528','2022-03-14 17:19:34'),('015528010','LUYAN','015528','2022-03-14 17:19:34'),('015528012','NILOMBOT','015528','2022-03-14 17:19:34'),('015528013','PIAS','015528','2022-03-14 17:19:34'),('015528014','POBLACION','015528','2022-03-14 17:19:34'),('015528015','PRIMICIAS','015528','2022-03-14 17:19:34'),('015528016','SANTA MARIA','015528','2022-03-14 17:19:34'),('015528018','TORRES','015528','2022-03-14 17:19:34'),('015529001','BARANGOBONG','015529','2022-03-14 17:19:34'),('015529003','BATCHELOR EAST','015529','2022-03-14 17:19:34'),('015529004','BATCHELOR WEST','015529','2022-03-14 17:19:34'),('015529005','BURGOS','015529','2022-03-14 17:19:34'),('015529006','CACANDUNGAN','015529','2022-03-14 17:19:34'),('015529007','CALAPUGAN','015529','2022-03-14 17:19:34'),('015529008','CANAREM','015529','2022-03-14 17:19:34'),('015529009','LUNA','015529','2022-03-14 17:19:34'),('015529011','POBLACION EAST','015529','2022-03-14 17:19:34'),('015529012','POBLACION WEST','015529','2022-03-14 17:19:34'),('015529013','RIZAL','015529','2022-03-14 17:19:34'),('015529014','SALUD','015529','2022-03-14 17:19:34'),('015529015','SAN EUGENIO','015529','2022-03-14 17:19:34'),('015529017','SAN MACARIO NORTE','015529','2022-03-14 17:19:34'),('015529018','SAN MACARIO SUR','015529','2022-03-14 17:19:34'),('015529019','SAN MAXIMO','015529','2022-03-14 17:19:34'),('015529020','SAN MIGUEL','015529','2022-03-14 17:19:34'),('015529022','SILAG','015529','2022-03-14 17:19:34'),('015530001','ALIPANGPANG','015530','2022-03-14 17:19:34'),('015530002','AMAGBAGAN','015530','2022-03-14 17:19:34'),('015530003','BALACAG','015530','2022-03-14 17:19:34'),('015530004','BANDING','015530','2022-03-14 17:19:34'),('015530006','BANTUGAN','015530','2022-03-14 17:19:34'),('015530007','BATAKIL','015530','2022-03-14 17:19:34'),('015530008','BOBONAN','015530','2022-03-14 17:19:34'),('015530009','BUNEG','015530','2022-03-14 17:19:34'),('015530010','CABLONG','015530','2022-03-14 17:19:34'),('015530011','CASTA?O','015530','2022-03-14 17:19:34'),('015530012','DILAN','015530','2022-03-14 17:19:34'),('015530013','DON BENITO','015530','2022-03-14 17:19:34'),('015530014','HAWAY','015530','2022-03-14 17:19:34'),('015530015','IMBALBALATONG','015530','2022-03-14 17:19:34'),('015530016','INOMAN','015530','2022-03-14 17:19:34'),('015530017','LAOAC','015530','2022-03-14 17:19:34'),('015530018','MAAMBAL','015530','2022-03-14 17:19:34'),('015530019','MALASIN','015530','2022-03-14 17:19:34'),('015530020','MALOKIAT','015530','2022-03-14 17:19:34'),('015530021','MANAOL','015530','2022-03-14 17:19:34'),('015530022','NAMA','015530','2022-03-14 17:19:34'),('015530023','NANTANGALAN','015530','2022-03-14 17:19:34'),('015530024','PALACPALAC','015530','2022-03-14 17:19:34'),('015530025','PALGUYOD','015530','2022-03-14 17:19:34'),('015530026','POBLACION I','015530','2022-03-14 17:19:34'),('015530027','POBLACION II','015530','2022-03-14 17:19:34'),('015530028','POBLACION III','015530','2022-03-14 17:19:34'),('015530029','POBLACION IV','015530','2022-03-14 17:19:34'),('015530030','ROSARIO','015530','2022-03-14 17:19:34'),('015530031','SUGCONG','015530','2022-03-14 17:19:34'),('015530032','TALOGTOG','015530','2022-03-14 17:19:34'),('015530033','TULNAC','015530','2022-03-14 17:19:34'),('015530034','VILLEGAS','015530','2022-03-14 17:19:34'),('015530035','CASANFERNANDOAN','015530','2022-03-14 17:19:34'),('015531001','ACOP','015531','2022-03-14 17:19:34'),('015531002','BAKITBAKIT','015531','2022-03-14 17:19:34'),('015531003','BALINGCANAWAY','015531','2022-03-14 17:19:34'),('015531004','CABALAOANGAN NORTE','015531','2022-03-14 17:19:34'),('015531005','CABALAOANGAN SUR','015531','2022-03-14 17:19:34'),('015531006','CAMANGAAN','015531','2022-03-14 17:19:34'),('015531007','CAPITAN TOMAS','015531','2022-03-14 17:19:34'),('015531008','CARMAY WEST','015531','2022-03-14 17:19:34'),('015531009','CARMEN EAST','015531','2022-03-14 17:19:34'),('015531010','CARMEN WEST','015531','2022-03-14 17:19:34'),('015531012','CASANICOLASAN','015531','2022-03-14 17:19:34'),('015531013','COLILING','015531','2022-03-14 17:19:34'),('015531014','CALANUTAN','015531','2022-03-14 17:19:34'),('015531015','GUILING','015531','2022-03-14 17:19:34'),('015531016','PALAKIPAK','015531','2022-03-14 17:19:34'),('015531017','PANGAOAN','015531','2022-03-14 17:19:34'),('015531018','RABAGO','015531','2022-03-14 17:19:34'),('015531019','RIZAL','015531','2022-03-14 17:19:34'),('015531020','SALVACION','015531','2022-03-14 17:19:34'),('015531021','SAN ANTONIO','015531','2022-03-14 17:19:34'),('015531022','SAN BARTOLOME','015531','2022-03-14 17:19:34'),('015531023','SAN ISIDRO','015531','2022-03-14 17:19:34'),('015531024','SAN LUIS','015531','2022-03-14 17:19:34'),('015531025','SAN PEDRO EAST','015531','2022-03-14 17:19:34'),('015531026','SAN PEDRO WEST','015531','2022-03-14 17:19:34'),('015531027','SAN VICENTE','015531','2022-03-14 17:19:34'),('015531028','SAN ANGEL','015531','2022-03-14 17:19:34'),('015531029','STATION DISTRICT','015531','2022-03-14 17:19:34'),('015531031','TOMANA EAST','015531','2022-03-14 17:19:34'),('015531032','TOMANA WEST','015531','2022-03-14 17:19:34'),('015531033','ZONE I (POB.)','015531','2022-03-14 17:19:34'),('015531034','ZONE IV (POB.)','015531','2022-03-14 17:19:34'),('015531035','CARMAY EAST','015531','2022-03-14 17:19:34'),('015531036','DON ANTONIO VILLAGE','015531','2022-03-14 17:19:34'),('015531037','ZONE II (POB.)','015531','2022-03-14 17:19:34'),('015531038','ZONE III (POB.)','015531','2022-03-14 17:19:34'),('015531039','ZONE V (POB.)','015531','2022-03-14 17:19:34'),('015532001','ABANON','015532','2022-03-14 17:19:34'),('015532002','AGDAO','015532','2022-03-14 17:19:34'),('015532003','ANANDO','015532','2022-03-14 17:19:34'),('015532004','ANO','015532','2022-03-14 17:19:34'),('015532005','ANTIPANGOL','015532','2022-03-14 17:19:34'),('015532006','APONIT','015532','2022-03-14 17:19:34'),('015532007','BACNAR','015532','2022-03-14 17:19:34'),('015532008','BALAYA','015532','2022-03-14 17:19:34'),('015532009','BALAYONG','015532','2022-03-14 17:19:34'),('015532010','BALDOG','015532','2022-03-14 17:19:34'),('015532011','BALITE SUR','015532','2022-03-14 17:19:34'),('015532012','BALOCOC','015532','2022-03-14 17:19:34'),('015532013','BANI','015532','2022-03-14 17:19:34'),('015532014','BEGA','015532','2022-03-14 17:19:34'),('015532015','BOCBOC','015532','2022-03-14 17:19:34'),('015532016','BUGALLON-POSADAS STREET (POB.)','015532','2022-03-14 17:19:34'),('015532017','BOGAOAN','015532','2022-03-14 17:19:34'),('015532018','BOLINGIT','015532','2022-03-14 17:19:34'),('015532019','BOLOSAN','015532','2022-03-14 17:19:34'),('015532020','BONIFACIO (POB.)','015532','2022-03-14 17:19:34'),('015532021','BUENGLAT','015532','2022-03-14 17:19:34'),('015532022','BURGOS PADLAN (POB.)','015532','2022-03-14 17:19:34'),('015532023','CACARITAN','015532','2022-03-14 17:19:34'),('015532024','CAINGAL','015532','2022-03-14 17:19:34'),('015532025','CALOBAOAN','015532','2022-03-14 17:19:34'),('015532026','CALOMBOYAN','015532','2022-03-14 17:19:34'),('015532027','CAPATAAN','015532','2022-03-14 17:19:34'),('015532028','CAOAYAN-KILING','015532','2022-03-14 17:19:34'),('015532029','COBOL','015532','2022-03-14 17:19:34'),('015532030','COLILING','015532','2022-03-14 17:19:34'),('015532031','CRUZ','015532','2022-03-14 17:19:34'),('015532032','DOYONG','015532','2022-03-14 17:19:34'),('015532035','GAMATA','015532','2022-03-14 17:19:34'),('015532036','GUELEW','015532','2022-03-14 17:19:34'),('015532037','ILANG','015532','2022-03-14 17:19:34'),('015532038','INERANGAN','015532','2022-03-14 17:19:34'),('015532039','ISLA','015532','2022-03-14 17:19:34'),('015532040','LIBAS','015532','2022-03-14 17:19:34'),('015532041','LILIMASAN','015532','2022-03-14 17:19:34'),('015532043','LONGOS','015532','2022-03-14 17:19:34'),('015532044','LUCBAN (POB.)','015532','2022-03-14 17:19:34'),('015532045','MABALBALINO','015532','2022-03-14 17:19:34'),('015532046','MABINI (POB.)','015532','2022-03-14 17:19:34'),('015532047','MAGTAKING','015532','2022-03-14 17:19:34'),('015532048','MALACA?ANG','015532','2022-03-14 17:19:34'),('015532050','MALIWARA','015532','2022-03-14 17:19:34'),('015532051','MAMARLAO','015532','2022-03-14 17:19:34'),('015532052','MANZON','015532','2022-03-14 17:19:34'),('015532053','MATAGDEM','015532','2022-03-14 17:19:34'),('015532054','MESTIZO NORTE','015532','2022-03-14 17:19:34'),('015532055','NAGUILAYAN','015532','2022-03-14 17:19:34'),('015532056','NILENTAP','015532','2022-03-14 17:19:34'),('015532057','PADILLA-GOMEZ','015532','2022-03-14 17:19:34'),('015532058','PAGAL','015532','2022-03-14 17:19:34'),('015532060','PALAMING','015532','2022-03-14 17:19:34'),('015532061','PALARIS (POB.)','015532','2022-03-14 17:19:34'),('015532062','PALOSPOS','015532','2022-03-14 17:19:34'),('015532063','PANGALANGAN','015532','2022-03-14 17:19:34'),('015532064','PANGOLOAN','015532','2022-03-14 17:19:34'),('015532065','PANGPANG','015532','2022-03-14 17:19:34'),('015532066','PAITAN-PANOYPOY','015532','2022-03-14 17:19:34'),('015532067','PARAYAO','015532','2022-03-14 17:19:34'),('015532069','PAYAPA','015532','2022-03-14 17:19:34'),('015532070','PAYAR','015532','2022-03-14 17:19:34'),('015532071','PEREZ BOULEVARD (POB.)','015532','2022-03-14 17:19:34'),('015532072','POLO','015532','2022-03-14 17:19:34'),('015532073','QUEZON BOULEVARD (POB.)','015532','2022-03-14 17:19:34'),('015532074','QUINTONG','015532','2022-03-14 17:19:34'),('015532075','RIZAL (POB.)','015532','2022-03-14 17:19:34'),('015532076','ROXAS BOULEVARD (POB.)','015532','2022-03-14 17:19:34'),('015532077','SALINAP','015532','2022-03-14 17:19:34'),('015532078','SAN JUAN','015532','2022-03-14 17:19:34'),('015532079','SAN PEDRO-TALOY','015532','2022-03-14 17:19:34'),('015532080','SAPINIT','015532','2022-03-14 17:19:34'),('015532081','PNR STATION SITE','015532','2022-03-14 17:19:34'),('015532082','SUPO','015532','2022-03-14 17:19:34'),('015532083','TALANG','015532','2022-03-14 17:19:34'),('015532084','TAMAYO','015532','2022-03-14 17:19:34'),('015532085','TANDOC','015532','2022-03-14 17:19:34'),('015532086','TARECE','015532','2022-03-14 17:19:34'),('015532087','TARECTEC','015532','2022-03-14 17:19:34'),('015532088','TAYAMBANI','015532','2022-03-14 17:19:34'),('015532089','TEBAG','015532','2022-03-14 17:19:34'),('015532090','TURAC','015532','2022-03-14 17:19:34'),('015532091','M. SORIANO','015532','2022-03-14 17:19:34'),('015532092','TANDANG SORA','015532','2022-03-14 17:19:34'),('015533001','AMBALANGAN-DALIN','015533','2022-03-14 17:19:34'),('015533002','ANGIO','015533','2022-03-14 17:19:34'),('015533003','ANONANG','015533','2022-03-14 17:19:34'),('015533004','ARAMAL','015533','2022-03-14 17:19:34'),('015533006','BIGBIGA','015533','2022-03-14 17:19:34'),('015533007','BINDAY','015533','2022-03-14 17:19:34'),('015533008','BOLAOEN','015533','2022-03-14 17:19:34'),('015533009','BOLASI','015533','2022-03-14 17:19:34'),('015533010','CAYANGA','015533','2022-03-14 17:19:34'),('015533011','GOMOT','015533','2022-03-14 17:19:34'),('015533012','INMALOG','015533','2022-03-14 17:19:34'),('015533013','LEKEP-BUTAO','015533','2022-03-14 17:19:34'),('015533014','LONGOS','015533','2022-03-14 17:19:34'),('015533015','MABILAO','015533','2022-03-14 17:19:34'),('015533016','NIBALIW CENTRAL','015533','2022-03-14 17:19:34'),('015533017','NIBALIW EAST','015533','2022-03-14 17:19:34'),('015533018','NIBALIW MAGLIBA','015533','2022-03-14 17:19:34'),('015533019','PALAPAD','015533','2022-03-14 17:19:34'),('015533020','POBLACION','015533','2022-03-14 17:19:34'),('015533021','RABON','015533','2022-03-14 17:19:34'),('015533022','SAGUD-BAHLEY','015533','2022-03-14 17:19:34'),('015533023','SOBOL','015533','2022-03-14 17:19:34'),('015533024','TEMPRA-GUILIG','015533','2022-03-14 17:19:34'),('015533025','TOCOK','015533','2022-03-14 17:19:34'),('015533027','LIPIT-TOMEENG','015533','2022-03-14 17:19:34'),('015533028','COLISAO','015533','2022-03-14 17:19:34'),('015533029','NIBALIW NARVARTE','015533','2022-03-14 17:19:34'),('015533030','NIBALIW VIDAL','015533','2022-03-14 17:19:34'),('015533031','ALACAN','015533','2022-03-14 17:19:34'),('015533032','CABARUAN','015533','2022-03-14 17:19:34'),('015533033','INMALOG NORTE','015533','2022-03-14 17:19:34'),('015533034','LONGOS-AMANGONAN-PARAC-PARAC FABRICA','015533','2022-03-14 17:19:34'),('015533035','LONGOS PROPER','015533','2022-03-14 17:19:34'),('015533036','TIBLONG','015533','2022-03-14 17:19:34'),('015534001','AWAI','015534','2022-03-14 17:19:34'),('015534002','BOLO','015534','2022-03-14 17:19:34'),('015534003','CAPAOAY (POB.)','015534','2022-03-14 17:19:34'),('015534004','CASIBONG','015534','2022-03-14 17:19:34'),('015534005','IMELDA','015534','2022-03-14 17:19:34'),('015534006','GUIBEL','015534','2022-03-14 17:19:34'),('015534007','LABNEY','015534','2022-03-14 17:19:34'),('015534009','MAGSAYSAY','015534','2022-03-14 17:19:34'),('015534010','LOBONG','015534','2022-03-14 17:19:34'),('015534011','MACAYUG','015534','2022-03-14 17:19:34'),('015534013','BAGONG PAG-ASA','015534','2022-03-14 17:19:34'),('015534014','SAN GUILLERMO','015534','2022-03-14 17:19:34'),('015534015','SAN JOSE','015534','2022-03-14 17:19:34'),('015534016','SAN JUAN','015534','2022-03-14 17:19:34'),('015534017','SAN ROQUE','015534','2022-03-14 17:19:34'),('015534018','SAN VICENTE','015534','2022-03-14 17:19:34'),('015534019','SANTA CRUZ','015534','2022-03-14 17:19:34'),('015534020','SANTA MARIA','015534','2022-03-14 17:19:34'),('015534021','SANTO TOMAS','015534','2022-03-14 17:19:34'),('015535001','SAN ANTONIO-ARZADON','015535','2022-03-14 17:19:34'),('015535003','CABACARAAN','015535','2022-03-14 17:19:34'),('015535004','CABARITAN','015535','2022-03-14 17:19:34'),('015535005','FLORES','015535','2022-03-14 17:19:34'),('015535007','GUISET NORTE (POB.)','015535','2022-03-14 17:19:34'),('015535008','GUISET SUR (POB.)','015535','2022-03-14 17:19:34'),('015535009','LAPALO','015535','2022-03-14 17:19:34'),('015535010','NAGSAAG','015535','2022-03-14 17:19:34'),('015535011','NARRA','015535','2022-03-14 17:19:34'),('015535013','SAN BONIFACIO','015535','2022-03-14 17:19:34'),('015535014','SAN JUAN','015535','2022-03-14 17:19:34'),('015535015','SAN ROQUE','015535','2022-03-14 17:19:34'),('015535016','SAN VICENTE','015535','2022-03-14 17:19:34'),('015535018','SANTO DOMINGO','015535','2022-03-14 17:19:34'),('015536001','BENSICAN','015536','2022-03-14 17:19:34'),('015536002','CABITNONGAN','015536','2022-03-14 17:19:34'),('015536003','CABOLOAN','015536','2022-03-14 17:19:34'),('015536005','CACABUGAOAN','015536','2022-03-14 17:19:34'),('015536006','CALANUTIAN','015536','2022-03-14 17:19:34'),('015536007','CALAOCAN','015536','2022-03-14 17:19:34'),('015536008','CAMANGGAAN','015536','2022-03-14 17:19:34'),('015536009','CAMINDOROAN','015536','2022-03-14 17:19:34'),('015536010','CASARATAN','015536','2022-03-14 17:19:34'),('015536011','DALUMPINAS','015536','2022-03-14 17:19:34'),('015536013','FIANZA','015536','2022-03-14 17:19:34'),('015536015','LUNGAO','015536','2022-03-14 17:19:34'),('015536016','MALICO','015536','2022-03-14 17:19:34'),('015536017','MALILION','015536','2022-03-14 17:19:34'),('015536018','NAGKAYSA','015536','2022-03-14 17:19:34'),('015536019','NINING','015536','2022-03-14 17:19:34'),('015536020','POBLACION EAST','015536','2022-03-14 17:19:34'),('015536021','POBLACION WEST','015536','2022-03-14 17:19:34'),('015536022','SALINGCOB','015536','2022-03-14 17:19:34'),('015536023','SALPAD','015536','2022-03-14 17:19:34'),('015536024','SAN FELIPE EAST','015536','2022-03-14 17:19:34'),('015536025','SAN FELIPE WEST','015536','2022-03-14 17:19:34'),('015536026','SAN ISIDRO','015536','2022-03-14 17:19:34'),('015536027','SAN JOSE','015536','2022-03-14 17:19:34'),('015536028','SAN RAFAEL CENTRO','015536','2022-03-14 17:19:34'),('015536029','SAN RAFAEL EAST','015536','2022-03-14 17:19:34'),('015536030','SAN RAFAEL WEST','015536','2022-03-14 17:19:34'),('015536031','SAN ROQUE','015536','2022-03-14 17:19:34'),('015536032','SANTA MARIA EAST','015536','2022-03-14 17:19:34'),('015536033','SANTA MARIA WEST','015536','2022-03-14 17:19:34'),('015536034','SANTO TOMAS','015536','2022-03-14 17:19:34'),('015536035','SIBLOT','015536','2022-03-14 17:19:34'),('015536036','SOBOL','015536','2022-03-14 17:19:34'),('015537001','ALAC','015537','2022-03-14 17:19:34'),('015537002','BALIGAYAN','015537','2022-03-14 17:19:34'),('015537004','BANTOG','015537','2022-03-14 17:19:34'),('015537005','BOLINTAGUEN','015537','2022-03-14 17:19:34'),('015537006','CABANGARAN','015537','2022-03-14 17:19:34'),('015537007','CABALAOANGAN','015537','2022-03-14 17:19:34'),('015537009','CALOMBOYAN','015537','2022-03-14 17:19:34'),('015537010','CARAYACAN','015537','2022-03-14 17:19:34'),('015537011','CASANTAMARIAN','015537','2022-03-14 17:19:34'),('015537012','GONZALO','015537','2022-03-14 17:19:34'),('015537013','LABUAN','015537','2022-03-14 17:19:34'),('015537014','LAGASIT','015537','2022-03-14 17:19:34'),('015537015','LUMAYAO','015537','2022-03-14 17:19:34'),('015537016','MABINI','015537','2022-03-14 17:19:34'),('015537017','MANTACDANG','015537','2022-03-14 17:19:34'),('015537018','NANGAPUGAN','015537','2022-03-14 17:19:34'),('015537020','SAN PEDRO','015537','2022-03-14 17:19:34'),('015537021','UNGIB','015537','2022-03-14 17:19:34'),('015537022','POBLACION ZONE I','015537','2022-03-14 17:19:34'),('015537023','POBLACION ZONE II','015537','2022-03-14 17:19:34'),('015537024','POBLACION ZONE III','015537','2022-03-14 17:19:34'),('015538001','ALIBAGO','015538','2022-03-14 17:19:34'),('015538002','BALINGUEO','015538','2022-03-14 17:19:34'),('015538003','BANAOANG','015538','2022-03-14 17:19:34'),('015538004','BANZAL','015538','2022-03-14 17:19:34'),('015538005','BOTAO','015538','2022-03-14 17:19:34'),('015538006','CABLONG','015538','2022-03-14 17:19:34'),('015538007','CARUSOCAN','015538','2022-03-14 17:19:34'),('015538008','DALONGUE','015538','2022-03-14 17:19:34'),('015538009','ERFE','015538','2022-03-14 17:19:34'),('015538010','GUEGUESANGEN','015538','2022-03-14 17:19:34'),('015538011','LEET','015538','2022-03-14 17:19:34'),('015538012','MALANAY','015538','2022-03-14 17:19:34'),('015538013','MANINGDING','015538','2022-03-14 17:19:34'),('015538014','MARONONG','015538','2022-03-14 17:19:34'),('015538015','MATICMATIC','015538','2022-03-14 17:19:34'),('015538016','MINIEN EAST','015538','2022-03-14 17:19:34'),('015538017','MINIEN WEST','015538','2022-03-14 17:19:34'),('015538018','NILOMBOT','015538','2022-03-14 17:19:34'),('015538019','PATAYAC','015538','2022-03-14 17:19:34'),('015538020','PAYAS','015538','2022-03-14 17:19:34'),('015538021','POBLACION NORTE','015538','2022-03-14 17:19:34'),('015538022','POBLACION SUR','015538','2022-03-14 17:19:34'),('015538023','SAPANG','015538','2022-03-14 17:19:34'),('015538024','SONQUIL','015538','2022-03-14 17:19:34'),('015538025','TEBAG EAST','015538','2022-03-14 17:19:34'),('015538026','TEBAG WEST','015538','2022-03-14 17:19:34'),('015538027','TULIAO','015538','2022-03-14 17:19:34'),('015538028','VENTINILLA','015538','2022-03-14 17:19:34'),('015538029','PRIMICIAS','015538','2022-03-14 17:19:34'),('015539001','BAL-LOY','015539','2022-03-14 17:19:34'),('015539002','BANTOG','015539','2022-03-14 17:19:34'),('015539003','CABOLUAN','015539','2022-03-14 17:19:34'),('015539004','CAL-LITANG','015539','2022-03-14 17:19:34'),('015539005','CAPANDANAN','015539','2022-03-14 17:19:34'),('015539006','CAUPLASAN','015539','2022-03-14 17:19:34'),('015539008','DALAYAP','015539','2022-03-14 17:19:34'),('015539009','LIBSONG','015539','2022-03-14 17:19:34'),('015539010','NAMAGBAGAN','015539','2022-03-14 17:19:34'),('015539011','PAITAN','015539','2022-03-14 17:19:34'),('015539012','PATAQUID','015539','2022-03-14 17:19:34'),('015539013','PILAR','015539','2022-03-14 17:19:34'),('015539014','POBLACION EAST','015539','2022-03-14 17:19:34'),('015539015','POBLACION WEST','015539','2022-03-14 17:19:34'),('015539016','PUGOT','015539','2022-03-14 17:19:34'),('015539017','SAMON','015539','2022-03-14 17:19:34'),('015539018','SAN ALEJANDRO','015539','2022-03-14 17:19:34'),('015539020','SAN MARIANO','015539','2022-03-14 17:19:34'),('015539021','SAN PABLO','015539','2022-03-14 17:19:34'),('015539022','SAN PATRICIO','015539','2022-03-14 17:19:34'),('015539023','SAN VICENTE','015539','2022-03-14 17:19:34'),('015539024','SANTA CRUZ','015539','2022-03-14 17:19:34'),('015539025','SANTA ROSA','015539','2022-03-14 17:19:34'),('015540001','LA LUNA','015540','2022-03-14 17:19:34'),('015540002','POBLACION EAST','015540','2022-03-14 17:19:34'),('015540003','POBLACION WEST','015540','2022-03-14 17:19:34'),('015540004','SALVACION','015540','2022-03-14 17:19:34'),('015540005','SAN AGUSTIN','015540','2022-03-14 17:19:34'),('015540006','SAN ANTONIO','015540','2022-03-14 17:19:34'),('015540007','SAN JOSE','015540','2022-03-14 17:19:34'),('015540008','SAN MARCOS','015540','2022-03-14 17:19:34'),('015540009','SANTO DOMINGO','015540','2022-03-14 17:19:34'),('015540010','SANTO NI?O','015540','2022-03-14 17:19:34'),('015541001','AGAT','015541','2022-03-14 17:19:34'),('015541002','ALIBENG','015541','2022-03-14 17:19:34'),('015541003','AMAGBAGAN','015541','2022-03-14 17:19:34'),('015541004','ARTACHO','015541','2022-03-14 17:19:34'),('015541005','ASAN NORTE','015541','2022-03-14 17:19:34'),('015541006','ASAN SUR','015541','2022-03-14 17:19:34'),('015541007','BANTAY INSIK','015541','2022-03-14 17:19:34'),('015541008','BILA','015541','2022-03-14 17:19:34'),('015541009','BINMECKEG','015541','2022-03-14 17:19:34'),('015541010','BULAOEN EAST','015541','2022-03-14 17:19:34'),('015541011','BULAOEN WEST','015541','2022-03-14 17:19:34'),('015541012','CABARITAN','015541','2022-03-14 17:19:34'),('015541013','CALUNETAN','015541','2022-03-14 17:19:34'),('015541014','CAMANGAAN','015541','2022-03-14 17:19:34'),('015541015','CAURINGAN','015541','2022-03-14 17:19:34'),('015541016','DUNGON','015541','2022-03-14 17:19:34'),('015541017','ESPERANZA','015541','2022-03-14 17:19:34'),('015541018','KILLO','015541','2022-03-14 17:19:34'),('015541019','LABAYUG','015541','2022-03-14 17:19:34'),('015541021','PALDIT','015541','2022-03-14 17:19:34'),('015541022','PINDANGAN','015541','2022-03-14 17:19:34'),('015541023','PINMILAPIL','015541','2022-03-14 17:19:34'),('015541024','POBLACION CENTRAL','015541','2022-03-14 17:19:34'),('015541025','POBLACION NORTE','015541','2022-03-14 17:19:34'),('015541026','POBLACION SUR','015541','2022-03-14 17:19:34'),('015541027','SAGUNTO','015541','2022-03-14 17:19:34'),('015541028','INMALOG','015541','2022-03-14 17:19:34'),('015541029','TARA-TARA','015541','2022-03-14 17:19:34'),('015542001','BAQUIOEN','015542','2022-03-14 17:19:34'),('015542002','BAYBAY NORTE','015542','2022-03-14 17:19:34'),('015542003','BAYBAY SUR','015542','2022-03-14 17:19:34'),('015542004','BOLAOEN','015542','2022-03-14 17:19:34'),('015542005','CABALITIAN','015542','2022-03-14 17:19:34'),('015542006','CALUMBUYAN','015542','2022-03-14 17:19:34'),('015542007','CAMAGSINGALAN','015542','2022-03-14 17:19:34'),('015542008','CAOAYAN','015542','2022-03-14 17:19:34'),('015542009','CAPANTOLAN','015542','2022-03-14 17:19:34'),('015542010','MACAYCAYAWAN','015542','2022-03-14 17:19:34'),('015542011','PAITAN EAST','015542','2022-03-14 17:19:34'),('015542012','PAITAN WEST','015542','2022-03-14 17:19:34'),('015542013','PANGASCASAN','015542','2022-03-14 17:19:34'),('015542014','POBLACION','015542','2022-03-14 17:19:34'),('015542015','SANTO DOMINGO','015542','2022-03-14 17:19:34'),('015542016','SESELANGEN','015542','2022-03-14 17:19:34'),('015542018','SIOASIO EAST','015542','2022-03-14 17:19:34'),('015542019','SIOASIO WEST','015542','2022-03-14 17:19:34'),('015542020','VICTORIA','015542','2022-03-14 17:19:34'),('015543001','AGNO','015543','2022-03-14 17:19:34'),('015543002','AMISTAD','015543','2022-03-14 17:19:34'),('015543003','BARANGOBONG','015543','2022-03-14 17:19:34'),('015543004','CARRIEDO','015543','2022-03-14 17:19:34'),('015543005','C. LICHAUCO','015543','2022-03-14 17:19:34'),('015543006','EVANGELISTA','015543','2022-03-14 17:19:34'),('015543007','GUZON','015543','2022-03-14 17:19:34'),('015543008','LAWAK','015543','2022-03-14 17:19:34'),('015543009','LEGASPI','015543','2022-03-14 17:19:34'),('015543010','LIBERTAD','015543','2022-03-14 17:19:34'),('015543012','MAGALLANES','015543','2022-03-14 17:19:34'),('015543013','PANGANIBAN','015543','2022-03-14 17:19:34'),('015543014','BARANGAY A (POB.)','015543','2022-03-14 17:19:34'),('015543015','BARANGAY B (POB.)','015543','2022-03-14 17:19:34'),('015543016','BARANGAY C (POB.)','015543','2022-03-14 17:19:34'),('015543017','BARANGAY D (POB.)','015543','2022-03-14 17:19:34'),('015543019','SALENG','015543','2022-03-14 17:19:34'),('015543020','SANTO DOMINGO','015543','2022-03-14 17:19:34'),('015543022','TOKETEC','015543','2022-03-14 17:19:34'),('015543023','TRENCHERA','015543','2022-03-14 17:19:34'),('015543024','ZAMORA','015543','2022-03-14 17:19:34'),('015544001','ABOT MOLINA','015544','2022-03-14 17:19:34'),('015544002','ALO-O','015544','2022-03-14 17:19:34'),('015544003','AMARONAN','015544','2022-03-14 17:19:34'),('015544004','ANNAM','015544','2022-03-14 17:19:34'),('015544005','BANTUG','015544','2022-03-14 17:19:34'),('015544006','BARACBAC','015544','2022-03-14 17:19:34'),('015544007','BARAT','015544','2022-03-14 17:19:34'),('015544008','BUENAVISTA','015544','2022-03-14 17:19:34'),('015544010','CABALITIAN','015544','2022-03-14 17:19:34'),('015544011','CABARUAN','015544','2022-03-14 17:19:34'),('015544012','CABATUAN','015544','2022-03-14 17:19:34'),('015544013','CADIZ','015544','2022-03-14 17:19:34'),('015544014','CALITLITAN','015544','2022-03-14 17:19:34'),('015544015','CAPAS','015544','2022-03-14 17:19:34'),('015544017','CAROSALESAN','015544','2022-03-14 17:19:34'),('015544018','CASILAN','015544','2022-03-14 17:19:34'),('015544019','CAURDANETAAN','015544','2022-03-14 17:19:34'),('015544020','CONCEPCION','015544','2022-03-14 17:19:34'),('015544021','DECRETO','015544','2022-03-14 17:19:34'),('015544022','DIAZ','015544','2022-03-14 17:19:34'),('015544023','DIKET','015544','2022-03-14 17:19:34'),('015544024','DON JUSTO ABALOS','015544','2022-03-14 17:19:34'),('015544025','DON MONTANO','015544','2022-03-14 17:19:34'),('015544026','ESPERANZA','015544','2022-03-14 17:19:34'),('015544027','EVANGELISTA','015544','2022-03-14 17:19:34'),('015544028','FLORES','015544','2022-03-14 17:19:34'),('015544029','FULGOSINO','015544','2022-03-14 17:19:34'),('015544030','GONZALES','015544','2022-03-14 17:19:34'),('015544031','LA PAZ','015544','2022-03-14 17:19:34'),('015544032','LABUAN','015544','2022-03-14 17:19:34'),('015544033','LAUREN','015544','2022-03-14 17:19:34'),('015544034','LUBONG','015544','2022-03-14 17:19:34'),('015544035','LUNA WESTE','015544','2022-03-14 17:19:34'),('015544036','LUNA ESTE','015544','2022-03-14 17:19:34'),('015544037','MANTACDANG','015544','2022-03-14 17:19:34'),('015544038','MASEIL-SEIL','015544','2022-03-14 17:19:34'),('015544039','NAMPALCAN','015544','2022-03-14 17:19:34'),('015544040','NANCALABASAAN','015544','2022-03-14 17:19:34'),('015544041','PANGANGAAN','015544','2022-03-14 17:19:34'),('015544042','PAPALLASEN','015544','2022-03-14 17:19:34'),('015544044','PEMIENTA','015544','2022-03-14 17:19:34'),('015544046','POBLACION EAST','015544','2022-03-14 17:19:34'),('015544047','POBLACION WEST','015544','2022-03-14 17:19:34'),('015544048','PRADO','015544','2022-03-14 17:19:34'),('015544049','RESURRECCION','015544','2022-03-14 17:19:34'),('015544050','RICOS','015544','2022-03-14 17:19:34'),('015544051','SAN ANDRES','015544','2022-03-14 17:19:34'),('015544052','SAN JUAN','015544','2022-03-14 17:19:34'),('015544053','SAN LEON','015544','2022-03-14 17:19:34'),('015544054','SAN PABLO','015544','2022-03-14 17:19:34'),('015544055','SAN VICENTE','015544','2022-03-14 17:19:34'),('015544056','SANTA MARIA','015544','2022-03-14 17:19:34'),('015544057','SANTA ROSA','015544','2022-03-14 17:19:34'),('015544058','SINABAAN','015544','2022-03-14 17:19:34'),('015544059','TANGGAL SAWANG','015544','2022-03-14 17:19:34'),('015544060','CABANGARAN','015544','2022-03-14 17:19:34'),('015544061','CARAYUNGAN SUR','015544','2022-03-14 17:19:34'),('015544062','DEL ROSARIO','015544','2022-03-14 17:19:34'),('015545001','ANGATEL','015545','2022-03-14 17:19:34'),('015545002','BALANGAY','015545','2022-03-14 17:19:34'),('015545003','BATANGCAOA','015545','2022-03-14 17:19:34'),('015545004','BAUG','015545','2022-03-14 17:19:34'),('015545005','BAYAOAS','015545','2022-03-14 17:19:34'),('015545006','BITUAG','015545','2022-03-14 17:19:34'),('015545007','CAMAMBUGAN','015545','2022-03-14 17:19:34'),('015545008','DALANGIRING','015545','2022-03-14 17:19:34'),('015545009','DUPLAC','015545','2022-03-14 17:19:34'),('015545010','GALARIN','015545','2022-03-14 17:19:34'),('015545011','GUETEB','015545','2022-03-14 17:19:34'),('015545012','MALACA','015545','2022-03-14 17:19:34'),('015545013','MALAYO','015545','2022-03-14 17:19:34'),('015545014','MALIBONG','015545','2022-03-14 17:19:34'),('015545015','PASIBI EAST','015545','2022-03-14 17:19:34'),('015545016','PASIBI WEST','015545','2022-03-14 17:19:34'),('015545017','PISUAC','015545','2022-03-14 17:19:34'),('015545018','POBLACION','015545','2022-03-14 17:19:34'),('015545019','REAL','015545','2022-03-14 17:19:34'),('015545020','SALAVANTE','015545','2022-03-14 17:19:34'),('015545021','SAWAT','015545','2022-03-14 17:19:34'),('015546001','ANONAS','015546','2022-03-14 17:19:34'),('015546003','BACTAD EAST','015546','2022-03-14 17:19:34'),('015546004','DR. PEDRO T. ORATA','015546','2022-03-14 17:19:34'),('015546005','BAYAOAS','015546','2022-03-14 17:19:34'),('015546007','BOLAOEN','015546','2022-03-14 17:19:34'),('015546008','CABARUAN','015546','2022-03-14 17:19:34'),('015546009','CABULOAN','015546','2022-03-14 17:19:34'),('015546011','CAMANANG','015546','2022-03-14 17:19:34'),('015546012','CAMANTILES','015546','2022-03-14 17:19:34'),('015546014','CASANTAAN','015546','2022-03-14 17:19:34'),('015546015','CATABLAN','015546','2022-03-14 17:19:34'),('015546016','CAYAMBANAN','015546','2022-03-14 17:19:34'),('015546017','CONSOLACION','015546','2022-03-14 17:19:34'),('015546018','DILAN PAURIDO','015546','2022-03-14 17:19:34'),('015546019','LABIT PROPER','015546','2022-03-14 17:19:34'),('015546020','LABIT WEST','015546','2022-03-14 17:19:34'),('015546022','MABANOGBOG','015546','2022-03-14 17:19:34'),('015546023','MACALONG','015546','2022-03-14 17:19:34'),('015546024','NANCALOBASAAN','015546','2022-03-14 17:19:34'),('015546025','NANCAMALIRAN EAST','015546','2022-03-14 17:19:34'),('015546026','NANCAMALIRAN WEST','015546','2022-03-14 17:19:34'),('015546027','NANCAYASAN','015546','2022-03-14 17:19:34'),('015546028','OLTAMA','015546','2022-03-14 17:19:34'),('015546029','PALINA EAST','015546','2022-03-14 17:19:34'),('015546030','PALINA WEST','015546','2022-03-14 17:19:34'),('015546031','PINMALUDPOD','015546','2022-03-14 17:19:34'),('015546032','POBLACION','015546','2022-03-14 17:19:34'),('015546033','SAN JOSE','015546','2022-03-14 17:19:34'),('015546034','SAN VICENTE','015546','2022-03-14 17:19:34'),('015546035','SANTA LUCIA','015546','2022-03-14 17:19:34'),('015546036','SANTO DOMINGO','015546','2022-03-14 17:19:34'),('015546037','SUGCONG','015546','2022-03-14 17:19:34'),('015546038','TIPUSO','015546','2022-03-14 17:19:34'),('015546039','TULONG','015546','2022-03-14 17:19:34'),('015547001','AMAMPEREZ','015547','2022-03-14 17:19:34'),('015547002','BACAG','015547','2022-03-14 17:19:34'),('015547003','BARANGOBONG','015547','2022-03-14 17:19:34'),('015547004','BARRACA','015547','2022-03-14 17:19:34'),('015547005','CAPULAAN','015547','2022-03-14 17:19:34'),('015547006','CARAMUTAN','015547','2022-03-14 17:19:34'),('015547007','LA PAZ','015547','2022-03-14 17:19:34'),('015547008','LABIT','015547','2022-03-14 17:19:34'),('015547009','LIPAY','015547','2022-03-14 17:19:34'),('015547010','LOMBOY','015547','2022-03-14 17:19:34'),('015547011','PIAZ','015547','2022-03-14 17:19:34'),('015547012','ZONE V (POB.)','015547','2022-03-14 17:19:34'),('015547013','ZONE I (POB.)','015547','2022-03-14 17:19:34'),('015547014','ZONE II (POB.)','015547','2022-03-14 17:19:34'),('015547015','ZONE III (POB.)','015547','2022-03-14 17:19:34'),('015547016','ZONE IV (POB.)','015547','2022-03-14 17:19:34'),('015547017','PUELAY','015547','2022-03-14 17:19:34'),('015547018','SAN BLAS','015547','2022-03-14 17:19:34'),('015547019','SAN NICOLAS','015547','2022-03-14 17:19:34'),('015547020','TOMBOD','015547','2022-03-14 17:19:34'),('015547021','UNZAD','015547','2022-03-14 17:19:34'),('015548001','ANIS','015548','2022-03-14 17:19:34'),('015548002','BOTIQUE','015548','2022-03-14 17:19:34'),('015548003','CAARINGAYAN','015548','2022-03-14 17:19:34'),('015548004','DOMINGO ALARCIO','015548','2022-03-14 17:19:34'),('015548005','CABILAOAN WEST','015548','2022-03-14 17:19:34'),('015548006','CABULALAAN','015548','2022-03-14 17:19:34'),('015548007','CALAOAGAN','015548','2022-03-14 17:19:34'),('015548008','CALMAY','015548','2022-03-14 17:19:34'),('015548009','CASAMPAGAAN','015548','2022-03-14 17:19:34'),('015548010','CASANESTEBANAN','015548','2022-03-14 17:19:34'),('015548011','CASANTIAGOAN','015548','2022-03-14 17:19:34'),('015548012','INMANDUYAN','015548','2022-03-14 17:19:34'),('015548013','POBLACION','015548','2022-03-14 17:19:34'),('015548014','LEBUEG','015548','2022-03-14 17:19:34'),('015548015','MARABOC','015548','2022-03-14 17:19:34'),('015548016','NANBAGATAN','015548','2022-03-14 17:19:34'),('015548017','PANAGA','015548','2022-03-14 17:19:34'),('015548018','TALOGTOG','015548','2022-03-14 17:19:34'),('015548019','TURKO','015548','2022-03-14 17:19:34'),('015548020','YATYAT','015548','2022-03-14 17:19:34'),('015548021','BALLIGI','015548','2022-03-14 17:19:34'),('015548022','BANUAR','015548','2022-03-14 17:19:34');
/*!40000 ALTER TABLE `tbl_barangay` ENABLE KEYS */;
UNLOCK TABLES;

--
-- Table structure for table `tbl_chart`
--

DROP TABLE IF EXISTS `tbl_chart`;
/*!40101 SET @saved_cs_client     = @@character_set_client */;
/*!40101 SET character_set_client = utf8 */;
CREATE TABLE `tbl_chart` (
  `id` int(11) NOT NULL AUTO_INCREMENT,
  `patient_id` int(11) DEFAULT NULL,
  `clinic_id` int(11) DEFAULT NULL,
  `status_1_55` varchar(3) DEFAULT NULL,
  `status_1_54` varchar(3) DEFAULT NULL,
  `status_1_53` varchar(3) DEFAULT NULL,
  `status_1_52` varchar(3) DEFAULT NULL,
  `status_1_51` varchar(3) DEFAULT NULL,
  `status_2_55` varchar(3) DEFAULT NULL,
  `status_2_54` varchar(3) DEFAULT NULL,
  `status_2_53` varchar(3) DEFAULT NULL,
  `status_2_52` varchar(3) DEFAULT NULL,
  `status_1_65` varchar(3) DEFAULT NULL,
  `status_1_64` varchar(3) DEFAULT NULL,
  `status_1_63` varchar(3) DEFAULT NULL,
  `status_1_62` varchar(3) DEFAULT NULL,
  `status_1_61` varchar(3) DEFAULT NULL,
  `status_2_65` varchar(3) DEFAULT NULL,
  `status_2_64` varchar(3) DEFAULT NULL,
  `status_2_63` varchar(3) DEFAULT NULL,
  `status_2_62` varchar(3) DEFAULT NULL,
  `status_2_61` varchar(3) DEFAULT NULL,
  `status_2_51` varchar(3) DEFAULT NULL,
  `status_1_18` varchar(3) DEFAULT NULL,
  `status_1_17` varchar(3) DEFAULT NULL,
  `status_1_16` varchar(3) DEFAULT NULL,
  `status_1_15` varchar(3) DEFAULT NULL,
  `status_1_14` varchar(3) DEFAULT NULL,
  `status_1_13` varchar(3) DEFAULT NULL,
  `status_1_12` varchar(3) DEFAULT NULL,
  `status_1_11` varchar(3) DEFAULT NULL,
  `status_1_21` varchar(3) DEFAULT NULL,
  `status_1_22` varchar(3) DEFAULT NULL,
  `status_1_23` varchar(3) DEFAULT NULL,
  `status_1_24` varchar(3) DEFAULT NULL,
  `status_1_25` varchar(3) DEFAULT NULL,
  `status_1_26` varchar(3) DEFAULT NULL,
  `status_1_27` varchar(3) DEFAULT NULL,
  `status_1_28` varchar(3) DEFAULT NULL,
  `status_2_18` varchar(3) DEFAULT NULL,
  `status_2_17` varchar(3) DEFAULT NULL,
  `status_2_16` varchar(3) DEFAULT NULL,
  `status_2_15` varchar(3) DEFAULT NULL,
  `status_2_14` varchar(3) DEFAULT NULL,
  `status_2_13` varchar(3) DEFAULT NULL,
  `status_2_12` varchar(3) DEFAULT NULL,
  `status_2_11` varchar(3) DEFAULT NULL,
  `status_2_21` varchar(3) DEFAULT NULL,
  `status_2_22` varchar(3) DEFAULT NULL,
  `status_2_23` varchar(3) DEFAULT NULL,
  `status_2_24` varchar(3) DEFAULT NULL,
  `status_2_25` varchar(3) DEFAULT NULL,
  `status_2_26` varchar(3) DEFAULT NULL,
  `status_2_27` varchar(3) DEFAULT NULL,
  `status_2_28` varchar(3) DEFAULT NULL,
  `status_1_48` varchar(3) DEFAULT NULL,
  `status_1_47` varchar(3) DEFAULT NULL,
  `status_1_46` varchar(3) DEFAULT NULL,
  `status_1_45` varchar(3) DEFAULT NULL,
  `status_1_44` varchar(3) DEFAULT NULL,
  `status_1_43` varchar(3) DEFAULT NULL,
  `status_1_42` varchar(3) DEFAULT NULL,
  `status_1_41` varchar(3) DEFAULT NULL,
  `status_1_31` varchar(3) DEFAULT NULL,
  `status_1_32` varchar(3) DEFAULT NULL,
  `status_1_33` varchar(3) DEFAULT NULL,
  `status_1_34` varchar(3) DEFAULT NULL,
  `status_1_35` varchar(3) DEFAULT NULL,
  `status_1_36` varchar(3) DEFAULT NULL,
  `status_1_37` varchar(3) DEFAULT NULL,
  `status_1_38` varchar(3) DEFAULT NULL,
  `status_2_48` varchar(3) DEFAULT NULL,
  `status_2_47` varchar(3) DEFAULT NULL,
  `status_2_46` varchar(3) DEFAULT NULL,
  `status_2_45` varchar(3) DEFAULT NULL,
  `status_2_44` varchar(3) DEFAULT NULL,
  `status_2_43` varchar(3) DEFAULT NULL,
  `status_2_42` varchar(3) DEFAULT NULL,
  `status_2_41` varchar(3) DEFAULT NULL,
  `status_2_31` varchar(3) DEFAULT NULL,
  `status_2_32` varchar(3) DEFAULT NULL,
  `status_2_33` varchar(3) DEFAULT NULL,
  `status_2_34` varchar(3) DEFAULT NULL,
  `status_2_35` varchar(3) DEFAULT NULL,
  `status_2_36` varchar(3) DEFAULT NULL,
  `status_2_37` varchar(3) DEFAULT NULL,
  `status_2_38` varchar(3) DEFAULT NULL,
  `status_1_85` varchar(3) DEFAULT NULL,
  `status_1_84` varchar(3) DEFAULT NULL,
  `status_1_83` varchar(3) DEFAULT NULL,
  `status_1_82` varchar(3) DEFAULT NULL,
  `status_1_81` varchar(3) DEFAULT NULL,
  `status_1_71` varchar(3) DEFAULT NULL,
  `status_1_72` varchar(3) DEFAULT NULL,
  `status_1_73` varchar(3) DEFAULT NULL,
  `status_1_74` varchar(3) DEFAULT NULL,
  `status_1_75` varchar(3) DEFAULT NULL,
  `status_2_85` varchar(3) DEFAULT NULL,
  `status_2_84` varchar(3) DEFAULT NULL,
  `status_2_83` varchar(3) DEFAULT NULL,
  `status_2_82` varchar(3) DEFAULT NULL,
  `status_2_81` varchar(3) DEFAULT NULL,
  `status_2_71` varchar(3) DEFAULT NULL,
  `status_2_72` varchar(3) DEFAULT NULL,
  `status_2_73` varchar(3) DEFAULT NULL,
  `status_2_74` varchar(3) DEFAULT NULL,
  `status_2_75` varchar(3) DEFAULT NULL,
  PRIMARY KEY (`id`)
) ENGINE=InnoDB AUTO_INCREMENT=17 DEFAULT CHARSET=utf8mb4;
/*!40101 SET character_set_client = @saved_cs_client */;

--
-- Dumping data for table `tbl_chart`
--

LOCK TABLES `tbl_chart` WRITE;
/*!40000 ALTER TABLE `tbl_chart` DISABLE KEYS */;
INSERT INTO `tbl_chart` VALUES (12,30,NULL,'','k','','','','','','','','','','','','','','','','','','','','','','','','','','','','','','','','','','','','','','','','','','','','','','','','','','','','','','','','','','','','','','','','','','','','','','','','','','','','','','','','','','','','','','','','','','','','','','','','','','','','','',''),(13,26,NULL,'d','','','','','','','','','','','','','','','','','','','','','','','','','','','','','','','','','','','','','','','','','','','','','','','','','','','','','','','','','','','','','','','','','','','','','','','','','','','','','','','','','','','','','','','','','','','','','','','','','','','','','','',''),(14,22,NULL,NULL,NULL,NULL,NULL,NULL,NULL,NULL,NULL,NULL,NULL,NULL,NULL,NULL,NULL,NULL,NULL,NULL,NULL,NULL,NULL,NULL,NULL,NULL,NULL,NULL,NULL,NULL,NULL,NULL,NULL,NULL,NULL,NULL,NULL,NULL,NULL,NULL,NULL,NULL,NULL,NULL,NULL,NULL,NULL,NULL,NULL,NULL,NULL,NULL,NULL,NULL,NULL,NULL,NULL,NULL,NULL,NULL,NULL,NULL,NULL,NULL,NULL,NULL,NULL,NULL,NULL,NULL,NULL,NULL,NULL,NULL,NULL,NULL,NULL,NULL,NULL,NULL,NULL,NULL,NULL,NULL,NULL,NULL,NULL,NULL,NULL,NULL,NULL,NULL,NULL,NULL,NULL,NULL,NULL,NULL,NULL,NULL,NULL,NULL,NULL,NULL,NULL,NULL,NULL),(15,14,NULL,'','k','','','','','','','','','','','','','','','','','','','','','','','','','','','','','','','','','','','','','','','','','','','','','','','','','','','','','','','','','','','','','','','','','','','','','','','','','','','','','','','','','','','','','','','','','','','','','','','','','','','','','',''),(16,15,NULL,'d','X','XO','','','J','A','','','','','','','','','','','','','','','','','','','','','','','','','','','','','','','','','','','','','','','','','','','','','','','','','','','','','','','','','','','','','','','','','','','','','','','','','','','','','','','','','','','','','','','','','','','','','','','','','');
/*!40000 ALTER TABLE `tbl_chart` ENABLE KEYS */;
UNLOCK TABLES;

--
-- Table structure for table `tbl_city`
--

DROP TABLE IF EXISTS `tbl_city`;
/*!40101 SET @saved_cs_client     = @@character_set_client */;
/*!40101 SET character_set_client = utf8 */;
CREATE TABLE `tbl_city` (
  `name` text DEFAULT NULL,
  `id` varchar(45) NOT NULL DEFAULT '0',
  `CreatedDate` datetime DEFAULT current_timestamp(),
  PRIMARY KEY (`id`),
  KEY `citymunCode` (`id`)
) ENGINE=MyISAM DEFAULT CHARSET=utf8;
/*!40101 SET character_set_client = @saved_cs_client */;

--
-- Dumping data for table `tbl_city`
--

LOCK TABLES `tbl_city` WRITE;
/*!40000 ALTER TABLE `tbl_city` DISABLE KEYS */;
INSERT INTO `tbl_city` VALUES ('AGNO','015501','2022-03-14 17:21:15'),('AGUILAR','015502','2022-03-14 17:21:15'),('CITY OF ALAMINOS','015503','2022-03-14 17:21:15'),('ALCALA','015504','2022-03-14 17:21:15'),('ANDA','015505','2022-03-14 17:21:15'),('ASINGAN','015506','2022-03-14 17:21:15'),('BALUNGAO','015507','2022-03-14 17:21:15'),('BANI','015508','2022-03-14 17:21:15'),('BASISTA','015509','2022-03-14 17:21:15'),('BAUTISTA','015510','2022-03-14 17:21:15'),('BAYAMBANG','015511','2022-03-14 17:21:15'),('BINALONAN','015512','2022-03-14 17:21:15'),('BINMALEY','015513','2022-03-14 17:21:15'),('BOLINAO','015514','2022-03-14 17:21:15'),('BUGALLON','015515','2022-03-14 17:21:15'),('BURGOS','015516','2022-03-14 17:21:15'),('CALASIAO','015517','2022-03-14 17:21:15'),('DAGUPAN CITY','015518','2022-03-14 17:21:15'),('DASOL','015519','2022-03-14 17:21:15'),('INFANTA','015520','2022-03-14 17:21:15'),('LABRADOR','015521','2022-03-14 17:21:15'),('LINGAYEN (Capital)','015522','2022-03-14 17:21:15'),('MABINI','015523','2022-03-14 17:21:15'),('MALASIQUI','015524','2022-03-14 17:21:15'),('MANAOAG','015525','2022-03-14 17:21:15'),('MANGALDAN','015526','2022-03-14 17:21:15'),('MANGATAREM','015527','2022-03-14 17:21:15'),('MAPANDAN','015528','2022-03-14 17:21:15'),('NATIVIDAD','015529','2022-03-14 17:21:15'),('POZORRUBIO','015530','2022-03-14 17:21:15'),('ROSALES','015531','2022-03-14 17:21:15'),('SAN CARLOS CITY','015532','2022-03-14 17:21:15'),('SAN FABIAN','015533','2022-03-14 17:21:15'),('SAN JACINTO','015534','2022-03-14 17:21:15'),('SAN MANUEL','015535','2022-03-14 17:21:15'),('SAN NICOLAS','015536','2022-03-14 17:21:15'),('SAN QUINTIN','015537','2022-03-14 17:21:15'),('SANTA BARBARA','015538','2022-03-14 17:21:15'),('SANTA MARIA','015539','2022-03-14 17:21:15'),('SANTO TOMAS','015540','2022-03-14 17:21:15'),('SISON','015541','2022-03-14 17:21:15'),('SUAL','015542','2022-03-14 17:21:15'),('TAYUG','015543','2022-03-14 17:21:15'),('UMINGAN','015544','2022-03-14 17:21:15'),('URBIZTONDO','015545','2022-03-14 17:21:15'),('CITY OF URDANETA','015546','2022-03-14 17:21:15'),('VILLASIS','015547','2022-03-14 17:21:15'),('LAOAC','015548','2022-03-14 17:21:15');
/*!40000 ALTER TABLE `tbl_city` ENABLE KEYS */;
UNLOCK TABLES;

--
-- Table structure for table `tbl_clinic`
--

DROP TABLE IF EXISTS `tbl_clinic`;
/*!40101 SET @saved_cs_client     = @@character_set_client */;
/*!40101 SET character_set_client = utf8 */;
CREATE TABLE `tbl_clinic` (
  `clinic_id` int(11) NOT NULL AUTO_INCREMENT,
  `name` varchar(255) DEFAULT NULL,
  `image` varchar(255) DEFAULT NULL,
  `description` text DEFAULT NULL,
  `prc_id` varchar(255) DEFAULT NULL,
  `business_permit` varchar(255) DEFAULT NULL,
  `dti` varchar(255) DEFAULT NULL,
  `barangay_clearance` varchar(255) DEFAULT NULL,
  `prc_no` varchar(45) DEFAULT NULL,
  `mayors_permit` varchar(255) DEFAULT NULL,
  `date_created` datetime DEFAULT current_timestamp(),
  PRIMARY KEY (`clinic_id`)
) ENGINE=InnoDB AUTO_INCREMENT=11 DEFAULT CHARSET=utf8mb4;
/*!40101 SET character_set_client = @saved_cs_client */;

--
-- Dumping data for table `tbl_clinic`
--

LOCK TABLES `tbl_clinic` WRITE;
/*!40000 ALTER TABLE `tbl_clinic` DISABLE KEYS */;
INSERT INTO `tbl_clinic` VALUES (6,'Junio Dental Care','file_20230212122940.jpg','We want to change the world, one smile at a time.','file_20230213013033.png','default.png','default.png','default.png','0123456','file_name_mayors_permit','2023-02-12 19:29:40'),(7,'Galsim Dental Clinic','file_20230212123432.jpg','Mother and Daughter Dentists teamed up to give you the best quality of Dental Services with high deg','default.png','default.png','default.png','default.png','0012345','file_name_mayors_permit','2023-02-12 19:34:32'),(8,'Dentique Tooth Hub','file_20230212123808.jpg','Dentique Tooth Hub Dental Clinic Family! See you all with your BIG SMILE','default.png','default.png','default.png','default.png','0001234','file_name_mayors_permit','2023-02-12 19:38:08'),(9,'Junio Clinic','file_20230213024702.jpg','Smile','default.png','default.png','default.png','default.png','1234512','file_name_mayors_permit','2023-02-13 09:47:02'),(10,'Wendell Dental Clinic','file_20230213033556.jpg','Wendell smile','default.png','default.png','default.png','default.png','012312','file_name_mayors_permit','2023-02-13 10:35:56');
/*!40000 ALTER TABLE `tbl_clinic` ENABLE KEYS */;
UNLOCK TABLES;

--
-- Table structure for table `tbl_dental_record`
--

DROP TABLE IF EXISTS `tbl_dental_record`;
/*!40101 SET @saved_cs_client     = @@character_set_client */;
/*!40101 SET character_set_client = utf8 */;
CREATE TABLE `tbl_dental_record` (
  `id` int(11) NOT NULL AUTO_INCREMENT,
  `appointment_id` int(11) DEFAULT NULL,
  PRIMARY KEY (`id`)
) ENGINE=InnoDB DEFAULT CHARSET=utf8mb4;
/*!40101 SET character_set_client = @saved_cs_client */;

--
-- Dumping data for table `tbl_dental_record`
--

LOCK TABLES `tbl_dental_record` WRITE;
/*!40000 ALTER TABLE `tbl_dental_record` DISABLE KEYS */;
/*!40000 ALTER TABLE `tbl_dental_record` ENABLE KEYS */;
UNLOCK TABLES;

--
-- Table structure for table `tbl_member`
--

DROP TABLE IF EXISTS `tbl_member`;
/*!40101 SET @saved_cs_client     = @@character_set_client */;
/*!40101 SET character_set_client = utf8 */;
CREATE TABLE `tbl_member` (
  `id` int(11) unsigned NOT NULL AUTO_INCREMENT,
  `prc_no` varchar(45) NOT NULL,
  `first_name` varchar(255) DEFAULT NULL,
  `last_name` varchar(255) DEFAULT NULL,
  `qr` varchar(255) DEFAULT NULL,
  `barangay_id` int(11) DEFAULT NULL,
  `city_id` int(11) DEFAULT NULL,
  `date_created` datetime DEFAULT current_timestamp(),
  `paid_status_id` int(11) DEFAULT NULL,
  `barangay` varchar(255) DEFAULT NULL,
  `city` varchar(255) DEFAULT NULL,
  PRIMARY KEY (`id`,`prc_no`),
  UNIQUE KEY `prc_no` (`prc_no`)
) ENGINE=InnoDB AUTO_INCREMENT=4 DEFAULT CHARSET=utf8mb4;
/*!40101 SET character_set_client = @saved_cs_client */;

--
-- Dumping data for table `tbl_member`
--

LOCK TABLES `tbl_member` WRITE;
/*!40000 ALTER TABLE `tbl_member` DISABLE KEYS */;
INSERT INTO `tbl_member` VALUES (1,'0012345','Juan','Dela Cruz','default.png',0,0,'2023-03-01 21:24:35',2,'POBLACION','BAYAMBANG'),(2,'0012323','John','Doe','default.png',0,0,'2023-03-01 21:24:35',2,'POBLACION','BAUTISTA'),(3,'0012334','Jane','Doe','default.png',0,0,'2023-03-01 21:24:35',2,'POBLACION','SAN CARLOS');
/*!40000 ALTER TABLE `tbl_member` ENABLE KEYS */;
UNLOCK TABLES;

--
-- Table structure for table `tbl_mode_of_payment`
--

DROP TABLE IF EXISTS `tbl_mode_of_payment`;
/*!40101 SET @saved_cs_client     = @@character_set_client */;
/*!40101 SET character_set_client = utf8 */;
CREATE TABLE `tbl_mode_of_payment` (
  `id` int(11) NOT NULL AUTO_INCREMENT,
  `name` varchar(45) DEFAULT NULL,
  PRIMARY KEY (`id`)
) ENGINE=InnoDB AUTO_INCREMENT=3 DEFAULT CHARSET=utf8mb4;
/*!40101 SET character_set_client = @saved_cs_client */;

--
-- Dumping data for table `tbl_mode_of_payment`
--

LOCK TABLES `tbl_mode_of_payment` WRITE;
/*!40000 ALTER TABLE `tbl_mode_of_payment` DISABLE KEYS */;
INSERT INTO `tbl_mode_of_payment` VALUES (1,'FULLY PAID'),(2,'INSTALLMENT');
/*!40000 ALTER TABLE `tbl_mode_of_payment` ENABLE KEYS */;
UNLOCK TABLES;

--
-- Table structure for table `tbl_notification`
--

DROP TABLE IF EXISTS `tbl_notification`;
/*!40101 SET @saved_cs_client     = @@character_set_client */;
/*!40101 SET character_set_client = utf8 */;
CREATE TABLE `tbl_notification` (
  `id` int(11) NOT NULL AUTO_INCREMENT,
  `apointment_id` int(11) DEFAULT NULL,
  `patient_id` int(11) DEFAULT NULL,
  `dentist_id` int(11) DEFAULT NULL,
  `clinic_id` int(11) DEFAULT NULL,
  `date_created` datetime DEFAULT current_timestamp(),
  PRIMARY KEY (`id`)
) ENGINE=InnoDB DEFAULT CHARSET=utf8mb4;
/*!40101 SET character_set_client = @saved_cs_client */;

--
-- Dumping data for table `tbl_notification`
--

LOCK TABLES `tbl_notification` WRITE;
/*!40000 ALTER TABLE `tbl_notification` DISABLE KEYS */;
/*!40000 ALTER TABLE `tbl_notification` ENABLE KEYS */;
UNLOCK TABLES;

--
-- Table structure for table `tbl_product`
--

DROP TABLE IF EXISTS `tbl_product`;
/*!40101 SET @saved_cs_client     = @@character_set_client */;
/*!40101 SET character_set_client = utf8 */;
CREATE TABLE `tbl_product` (
  `id` int(11) NOT NULL AUTO_INCREMENT,
  `clinic_id` int(11) NOT NULL,
  `prod_name` varchar(255) NOT NULL,
  `prod_desc` varchar(255) NOT NULL,
  `prod_price` varchar(255) NOT NULL,
  `image` varchar(255) NOT NULL,
  PRIMARY KEY (`id`)
) ENGINE=InnoDB AUTO_INCREMENT=9 DEFAULT CHARSET=utf8mb4;
/*!40101 SET character_set_client = @saved_cs_client */;

--
-- Dumping data for table `tbl_product`
--

LOCK TABLES `tbl_product` WRITE;
/*!40000 ALTER TABLE `tbl_product` DISABLE KEYS */;
INSERT INTO `tbl_product` VALUES (3,6,'Toothpaste','Sensodyne','200','file_20230212124355.jpg'),(4,6,'Toothbrush','Oral B','100','file_20230212124411.jpg'),(5,6,'Mouth wash','Listerine','300','file_20230212124432.jpg'),(6,7,'Toothpaste','Sensodyne','200','file_20230212130539.jpg'),(7,9,'Tootpaste','sensodyne','200','file_20230213030422.jpg'),(8,9,'Toothbrush','Oral-B','100','file_20230213030811.jpg');
/*!40000 ALTER TABLE `tbl_product` ENABLE KEYS */;
UNLOCK TABLES;

--
-- Table structure for table `tbl_service`
--

DROP TABLE IF EXISTS `tbl_service`;
/*!40101 SET @saved_cs_client     = @@character_set_client */;
/*!40101 SET character_set_client = utf8 */;
CREATE TABLE `tbl_service` (
  `id` int(11) NOT NULL AUTO_INCREMENT,
  `clinic_id` int(11) NOT NULL,
  `srvc_name` varchar(255) NOT NULL,
  `srvc_desc` varchar(255) NOT NULL,
  `srvc_price` varchar(255) NOT NULL,
  `srvc_time` varchar(45) DEFAULT NULL,
  `created_date` datetime DEFAULT current_timestamp(),
  `srvc_img` varchar(255) DEFAULT NULL,
  PRIMARY KEY (`id`)
) ENGINE=InnoDB AUTO_INCREMENT=24 DEFAULT CHARSET=utf8mb4;
/*!40101 SET character_set_client = @saved_cs_client */;

--
-- Dumping data for table `tbl_service`
--

LOCK TABLES `tbl_service` WRITE;
/*!40000 ALTER TABLE `tbl_service` DISABLE KEYS */;
INSERT INTO `tbl_service` VALUES (15,6,'Braces (Teeth Alignment)','Braces','10000','1','2023-02-12 19:47:13','default.png'),(16,6,'Braces Adjustment','Adjust','1000','1','2023-02-12 19:48:07','default.png'),(17,6,'Extraction','Bunot','500','.5','2023-02-12 19:58:10','default.png'),(18,6,'Cleaning','Linis','500','.5','2023-02-12 19:58:32','default.png'),(19,7,'Cleaning','Linis','500','.5','2023-02-12 20:08:16','default.png'),(20,9,'Cleaning','Linis','500','1','2023-02-13 10:04:46','default.png'),(21,9,'Extraction','Bunot ','1000','2','2023-02-13 10:10:15','default.png'),(22,9,'Brace Adjustment','bracesss','1000','1','2023-02-13 10:12:46','default.png'),(23,10,'Extraction','bunot','500','1','2023-02-13 10:42:59','default.png');
/*!40000 ALTER TABLE `tbl_service` ENABLE KEYS */;
UNLOCK TABLES;

--
-- Table structure for table `tbl_settings`
--

DROP TABLE IF EXISTS `tbl_settings`;
/*!40101 SET @saved_cs_client     = @@character_set_client */;
/*!40101 SET character_set_client = utf8 */;
CREATE TABLE `tbl_settings` (
  `id` int(11) NOT NULL AUTO_INCREMENT,
  `requirements` text DEFAULT NULL,
  PRIMARY KEY (`id`)
) ENGINE=InnoDB AUTO_INCREMENT=2 DEFAULT CHARSET=utf8mb4;
/*!40101 SET character_set_client = @saved_cs_client */;

--
-- Dumping data for table `tbl_settings`
--

LOCK TABLES `tbl_settings` WRITE;
/*!40000 ALTER TABLE `tbl_settings` DISABLE KEYS */;
INSERT INTO `tbl_settings` VALUES (1,'test');
/*!40000 ALTER TABLE `tbl_settings` ENABLE KEYS */;
UNLOCK TABLES;

--
-- Table structure for table `tbl_user`
--

DROP TABLE IF EXISTS `tbl_user`;
/*!40101 SET @saved_cs_client     = @@character_set_client */;
/*!40101 SET character_set_client = utf8 */;
CREATE TABLE `tbl_user` (
  `id` int(11) NOT NULL AUTO_INCREMENT,
  `access_id` int(11) DEFAULT NULL,
  `username` varchar(255) DEFAULT NULL,
  `password` varchar(255) DEFAULT NULL,
  `clinic_id` int(11) DEFAULT NULL,
  PRIMARY KEY (`id`)
) ENGINE=InnoDB AUTO_INCREMENT=22 DEFAULT CHARSET=utf8mb4;
/*!40101 SET character_set_client = @saved_cs_client */;

--
-- Dumping data for table `tbl_user`
--

LOCK TABLES `tbl_user` WRITE;
/*!40000 ALTER TABLE `tbl_user` DISABLE KEYS */;
INSERT INTO `tbl_user` VALUES (1,1,'admin','123',1),(8,6,'president','123',0),(10,2,'junio','123456aA',6),(11,2,'galsim','123456aA',7),(12,2,'yohanon','123456aA',8),(13,3,'davejunio','123456aA',6),(14,5,'jaymm','123',0),(15,5,'RheaPatient1','123456Aa',NULL),(16,2,'junioclinic','123456aA',9),(17,3,'sarah','123456aA',9),(18,4,'wendell','123456aA',9),(19,2,'wenclinic','123456aA',10),(20,5,'sarahhh','123456aA',NULL),(21,5,'peoro1','123456aA',NULL);
/*!40000 ALTER TABLE `tbl_user` ENABLE KEYS */;
UNLOCK TABLES;

--
-- Table structure for table `tbl_userinfo`
--

DROP TABLE IF EXISTS `tbl_userinfo`;
/*!40101 SET @saved_cs_client     = @@character_set_client */;
/*!40101 SET character_set_client = utf8 */;
CREATE TABLE `tbl_userinfo` (
  `id` int(255) NOT NULL AUTO_INCREMENT,
  `municipality` varchar(255) NOT NULL,
  `barangay` varchar(255) NOT NULL,
  `email` varchar(255) NOT NULL,
  `contact` varchar(255) DEFAULT NULL,
  `first_name` varchar(255) DEFAULT NULL,
  `last_name` varchar(255) DEFAULT NULL,
  PRIMARY KEY (`id`)
) ENGINE=InnoDB AUTO_INCREMENT=22 DEFAULT CHARSET=utf8mb4;
/*!40101 SET character_set_client = @saved_cs_client */;

--
-- Dumping data for table `tbl_userinfo`
--

LOCK TABLES `tbl_userinfo` WRITE;
/*!40000 ALTER TABLE `tbl_userinfo` DISABLE KEYS */;
INSERT INTO `tbl_userinfo` VALUES (1,'','','',NULL,'admin','admin'),(8,'','','',NULL,'president','president'),(10,'015511','015511053','flamingojaym@gmail.com','09613324824','Federico','Junio'),(11,'015511','015511074','flamingojaym@gmail.com','09569103123','Araceli','Galsim'),(12,'015511','015511038','flamingojaym@gmail.com','09455832768','Johara','Yohanon'),(13,'','','davefrancisjunio@gmail.com','09613324824','Dave','Junio'),(14,'015511','015511023','flamingojaym@gmail.com','09163016899','JMM','Domingo'),(15,'015511','015511070','rheafrias@gmail.com','09482347501','Rhea','Frias'),(16,'015504','015504001','flamingojaym@gmail.com','09163016899','Francis','Junio'),(17,'','','flamingojaym@gmail.com','09163016894','Sarah','Ferrer'),(18,'','','flamingojaym@gmail.com','09163016897','Wendell','Salosagcol'),(19,'015501','015501001','flamingojaym@gmail.com','09163016899','Wendell','Salosagcol'),(20,'015501','015501001','flamingojaym@gmail.com','09123564573','Sarah','Ferrer'),(21,'015501','015501001','flamingojaym@gmail.com','0912345678','Ryan','Peoro');
/*!40000 ALTER TABLE `tbl_userinfo` ENABLE KEYS */;
UNLOCK TABLES;
/*!40103 SET TIME_ZONE=@OLD_TIME_ZONE */;

/*!40101 SET SQL_MODE=@OLD_SQL_MODE */;
/*!40014 SET FOREIGN_KEY_CHECKS=@OLD_FOREIGN_KEY_CHECKS */;
/*!40014 SET UNIQUE_CHECKS=@OLD_UNIQUE_CHECKS */;
/*!40101 SET CHARACTER_SET_CLIENT=@OLD_CHARACTER_SET_CLIENT */;
/*!40101 SET CHARACTER_SET_RESULTS=@OLD_CHARACTER_SET_RESULTS */;
/*!40101 SET COLLATION_CONNECTION=@OLD_COLLATION_CONNECTION */;
/*!40111 SET SQL_NOTES=@OLD_SQL_NOTES */;

-- Dump completed on 2023-03-06 17:05:13
